Non-Moral-Emotion,Neutral,Other-Suffering,Other-Praising,Other-Condemning,Self-Conscious,tokens
0.000579376,0.00010623383,0.00029740136,0.00016089152,0.0001922542,0.9986639,@user 왱 ? ? 원래 모든 아빠는 딸의 것 아님 ? ? 
0.99872154,0.0001978787,0.00025818884,0.00042178007,0.00032943807,7.112249e-05,@user 아덴트님도 해피 병신ㄴ ... ! 
4.8188613e-05,4.6309357e-05,6.1505e-05,6.314654e-05,0.000109889574,0.999671,썰렁
0.9995968,7.6949626e-05,7.3153744e-05,7.270466e-05,0.00011627327,6.412946e-05,진짜 겁나 막장이야ㅋㅋㅋ학생도 선생도 다ㅋㅋㅋ떠들어놓고 내가 뭘했냐면서 지랄하는 학생이나 그런 학생보고 소리지르면서 목조르는 선생이나 . 명문학교는 개뿔 . 잘하는 애들만 데리고 가는 학교주제에 .
0.0003425218,0.00046130043,0.00027386696,0.00022669446,0.9985689,0.00012664885,@user @user 마르언니가 졸리다뇨 ? 악몽의 환영 스킬이 모니터를 뚫는거신가 ? ! 
0.0007377008,0.030038927,0.00025254773,0.0004648691,0.006161682,0.9623443,@user 노코멘트 ! ^ ^
0.0010313625,0.99243873,0.004231991,0.000501801,0.0013510307,0.00044503852,정말 힘들고 굳을일 마다않고 .. 항상 우리 국민편인 이정희대표님 ! ! 감사합니다 눈물나도록 RT @user : 조금만 버티시길 .. 거의 다 왔습니다 . RT @user : [ #강정 ] 07:57 강정천 ! ! 현애자 의원님 연행 ! ! #gangjung
0.0021561761,0.008417568,0.005612657,0.0043802033,0.22671506,0.7527183,나도 올해 연애운인데 윤기랑 석찌오빠도 연애운이면 흫ㅎ헤헤ㅔ ? @user 
0.00048056012,0.00031346857,0.00018157763,0.000461908,0.011805966,0.98675656,@user @user 육백일 ... ? ? ?
0.0034597379,0.9908408,0.000621415,0.0011352069,0.002155478,0.0017872063,성의돋는다  URL
0.023935216,0.00041821558,0.96339923,0.0069158785,0.0034547206,0.0018767563,@user 그래서 울고 계신거에요 ? ㅎㅎ
0.08265244,0.0019729044,0.07226543,0.2410424,0.011157333,0.5909095,@user 그러게요 ... 그래야 같이 하이개그를 할 수 있는데 
9.813734e-05,0.00017088576,7.610505e-05,5.9253034e-05,0.0007817147,0.99881387,더블제타 ! 
4.3001128e-05,4.8823647e-05,5.0867377e-05,3.9980478e-05,0.00011785652,0.9996995,@user 그별로 가는 가장 빠른 방법은 . . 
9.305449e-05,6.314892e-05,3.4696863e-05,5.1872208e-05,0.00019342871,0.99956375,... 병뚜껑을 좋아한다면 ... 그것을 화폐로쓰는 게임 .. 폴아웃을 하는것이 어떨까요 ? 
0.0020363862,0.73732144,0.0032053126,0.0015154722,0.04262271,0.21329875,@user 화담도사 . 걱정마 . 난 지금 인간이고 붉은색보름달 뜰때만 마족의 여왕이니까 .. 걱정마 .. 
0.0009580166,0.9965119,0.0007011229,0.00074746436,0.0006847896,0.00039661812,@user @user @user @user @user @user 누구죠 ? 놈현인가 ... 좋은일 하셨네 ... 내 참 ! 
0.0009570171,0.00199477,0.00017912577,0.00025137645,0.009596246,0.9870215,@user 아항 !
0.83400714,0.055122033,0.0047496078,0.0023395047,0.067241944,0.03653983,[ Taengstagram ] 130529 나대신쏴줘진져야 URL by taeyeon_ss
0.001134776,0.99402845,0.0006194455,0.0005266309,0.0033494448,0.00034130336,선생님은 활짝 미소를 지으시며 완전 초능력 눈빛으로 우릴 평가했어 우린 어른되어 무대 위에 섰어 나름 일등상을 기대하면서
0.00073640875,0.00024644873,0.00020447069,0.0009804892,0.99739206,0.0004400087,전 꿈왕국하다가 풀피 한턴만에 보스한테 내리 세번 깨지고 털렸습니닼ㅋㅋㅋ새캐 없어 . 드랍은 무슨 ... ㅠㅠㅠ내일까진데 영 안올것같네요 . 토모모리 잘생겼네요 . 근데 피의연회라니 블랙푸딩을 낼건가 
0.0012761861,0.025621211,0.0006497419,0.00063669763,0.97024506,0.0015709853,@user ㅎㅎㅎㅇ � ㅎㅎㅇㅎㅎㅎㅅㅎㅅㅎㅇㅎ곧다시찐꺼야 ^ ^
3.9934323e-05,3.4184162e-05,3.95353e-05,3.766255e-05,3.8927894e-05,0.9998098,"【 ( 유 ) 세기이동통신 】 · 직종 : 판매 , 전산 , 관리직 · 학력 : 고졸 · 경력 : 신입 및 경력 · 문의 : 063-255-2011 · 마감일 : 01월 05일"
0.9994717,6.13163e-05,8.249499e-05,6.106012e-05,0.00018926527,0.00013412675,라고 문재인측은 판단한 듯 하다 . 다른 이유를 찾을 수 없을 만큼 그들의 침묵은 비정상적이다 .
0.0019950548,0.090054005,0.0044143912,0.0011550302,0.37920728,0.52317417,@user 안녕 ~ ㅋㅋㅋ i dont see that cartoon > < why ?
0.0012908352,0.18143371,0.0008343284,0.00088227465,0.005047343,0.8105115,저는 맛있게 먹겠습니다 : )
0.9840259,0.006274963,0.0077906386,0.0008800421,0.0007866214,0.0002417138,네가 이세상에 바르게 우뚝선다면 이엄마는 더이상 바랄것이 없어 .. #엄마
0.0024541921,0.99488115,0.0004175709,0.0009992456,0.0006224097,0.000625495,@user ... ( 받아들고 ) ... 호오 .. 꽤나 잘하는군 .. -
0.9960186,0.00018803502,0.00015946792,0.00028601184,0.0002578786,0.0030899532,7회 1점차로 지고 있는데 원아웃 만루상황에서 병살 당해 이닝이 끝났을 때는 욕을 해도 된다는 것이 사회의 룰입니다 . 
0.0021430103,0.087846264,0.0068354006,0.0015267843,0.13415824,0.76749027,@user 저리가요
0.0031958108,0.005604465,0.005107663,0.19900835,0.4950175,0.29206625,@user 이제 괜차나 ? ? ? ㅜㅜ
0.008256501,0.0016632271,0.019726891,0.0012069945,0.96867543,0.00047106904,"우리 야신께서는 큰그림을 그리셨던게 아닌가 생각한다 . 10년 , 20년이 지나도 바뀌지않는 한국 야구판을 우려하셔서 본인이 직접 총대를 메고 혹사문제를 수면 위로 끌어올리신거지 . 야구계의 큰어른이 아니라면 엄두를 낼 수 없는 일이었을테다 .. "
0.00016018291,0.00021044565,0.00014013088,6.5685665e-05,5.0176266e-05,0.9993734,@user 약간만이라도 님이 원하는 방향의 포인트만 잡아주면 어떨까요 ? 다 바꾸지말고
0.0006272355,0.9923504,0.0012435731,0.00030429577,0.0016324519,0.0038420288,@user 전 소녀시대 삼촌팬이에요 특히 태연 !
0.01976495,0.0018047082,0.0049597775,0.08006973,0.8309119,0.062488876,아이들 태운 기억은 있는데 타보지는 못했네요 .. RT @user : 허허헐 보긴 했는데 안타봤다냥 RT @user : 이거 타보신분 ! ! 풋춰핸섭 ~ ! ! URL
0.00014047221,0.0005070185,5.3279622e-05,9.274115e-05,0.00012760011,0.99907887,균형 3 by 조남준 #fairness #power  pic.twitter.com/BT9OGnFsHw
0.22287543,0.10343492,0.0023921744,0.012177504,0.3560185,0.3031014,수도권 지하철 노선 언제 이렇게 멋지게 변했어 ? :)  #역하나하나작업중
0.0004200333,0.0045961095,0.00019190805,0.000148581,0.00020069908,0.99444264,@user 네 다음 내방역
0.00016224633,0.00054783263,8.9343244e-05,5.0787585e-05,0.0006546358,0.9984951,아트아넨님은 사실 코트안에 TNT랑 작은 칼들 넣고다니신대 . 
6.3561936e-05,6.6039654e-05,4.1987125e-05,6.204549e-05,7.692007e-05,0.99968946,내가 친 . 절 . 히 사진도 준비했는데 ~ 
0.0014653453,0.002431984,0.0006259853,0.005018135,0.93248916,0.057969447,나 랭크 14.3 % .. 이 정도면 나쁘지 않은데 .. 
0.001709081,0.003301988,0.0018904969,0.9592404,0.00889077,0.024967214,아 내가 수업이라니
4.2656306e-05,6.408914e-05,3.817973e-05,2.7861799e-05,6.12309e-05,0.99976593,#161014 #경희대학교 #국제캠퍼스 평화콘서트 #양도  #zico #에릭남 #aoa 티켓 2장있습니다 디엠주세요 ~ 디엠 순서로 드립니다 경희대국제캠 사색의광장앞에서 드립니다
5.1746923e-05,8.74063e-05,4.30424e-05,3.367346e-05,9.231064e-05,0.99969184,"이달의쿠폰전국민 무조건 1,000 원 할인 URL"
0.10078235,0.0055237277,0.0016932575,0.08706153,0.14541413,0.659525,#NowPlaying 가식걸 • Sistar - URL
0.00027931348,0.0015220599,0.00022947059,0.0003291902,0.013299136,0.98434085,전미경 에디터의 특별한 시크릿 노트를 보면 런던 올림픽 참관 기회가 ! URL
0.9995486,6.7151326e-05,8.490844e-05,9.728397e-05,0.000117679934,8.4282954e-05,난 보수도 아닌데 보수애들이 나한테 말걸고 ... 친한척 하는거야 ... 아오 아침부터 짜증나게 ... ㅋㅋ
0.15954025,0.0015783729,0.002329114,0.15800779,0.6317467,0.046797767,최악이라고 말할 수 있는 동안은 최악이 아니다 . 아니다 .
0.9991621,7.183953e-05,0.00018917775,7.7651275e-05,0.00018855813,0.0003107624,"노프신 분들은 "" 내 소켓 건드리지 마 ! "" 가 그렇게도 이해하기 어렵냐 ...  URL …"
0.96280235,0.0011958893,0.00033455272,0.032705463,0.0014360502,0.0015257457,@user ㅋㅋㅋ 난쟁이균젤에다가 양아치 덕촤 ... 
0.0008992935,0.9932609,0.0005047212,0.00060036377,0.0036709914,0.0010637405,@user 플픽이너무좋습니다 이쁘네요
0.034776274,0.003908132,0.00091456884,0.0021561093,0.0024831176,0.95576185,@user 아뇨 ! ! ! ! 제여자 호프 서머스요 . 중요한 단어는 제여자입니다 .  pic.twitter.com/oYqTZcq8Mw
0.0024656642,0.7144274,0.0022765812,0.001493861,0.271115,0.008221562,@user 늦잠님 감사합니다 ! ! !  이야아 8시까지먹고 ... 천천히 준비하면되겠다 8시35분에 만나서갈래 ?
0.006724095,0.0515532,0.0016139174,0.0011051492,0.92758137,0.011422324,그 커플은 너무 웃겨 ㅎㅎㅎ 
0.003989653,0.6580443,0.0041851136,0.0110051595,0.11003342,0.21274234,드디어 정체성을 깨달으셨군요 (  )
0.0017948012,0.027004974,0.0005994227,0.00030072185,0.00050588493,0.96979415,이미지화 된 NL과 현실NL을 한몸으로 보여주는 게 하태경이려나요 . 
0.029563285,0.0012756215,0.00030237023,0.0031705163,0.007670517,0.9580177,"진짜 요줌 보기 힘든 명언이시네 .. RT . "" @user : 서기호 서울북부지원 판사 . "" 트윗은 자정능력 있으나 조중동은 법원 판결 나와야 겨우 타율적 정정을 한다 . "" """
5.65082e-05,4.9621147e-05,3.9315713e-05,4.3414813e-05,3.977354e-05,0.9997714,리 )  pic.twitter.com/VwZkOXNj0n
0.0006060883,0.00051230524,0.00014844359,0.00030580597,0.99813265,0.0002947593,@user @user 뜨든 .. 떡을치다못해 메다꽂는것까지나온단말인가 물레방앗간이 성행하겠네요 .. ! ! 
0.00030271945,0.00025312652,0.00025478067,0.0002645707,0.9987418,0.00018296763,@user Lv5가 되는 동시에 죽을거야 .  호호호 .
0.99915516,0.00014784379,0.00028451555,7.5164484e-05,0.0002146254,0.00012269182,@user @user @user 지 보호자한테 하는 거 봐라 
0.00034450516,0.0002872837,0.00017393556,0.00019775362,0.9987262,0.00027024714,"다음주부터 폭염이 누그러진다던데 올해는 광복절이 아닌 광폭절이라 불러야 하는 , , "
0.0019491839,0.002548795,0.00067477627,0.0006976213,0.16549575,0.8286339,@user 어떤 도구 이길래 ?
0.9994867,0.00010890031,8.151957e-05,6.7717316e-05,0.00016418136,9.097799e-05,@user 마그미 누나가 예뻐해준댔는데 왜 도발해 ? ㅋ
0.00032424743,0.018879825,0.0005867265,0.00064835115,0.010645834,0.968915,손에 들고있는 물건에 정감이 가네요 ~ ㅎㅎ RT @user : 이분을 주목해 주세요 . 2012년 월드미스유니버시티에서 화천 홍보대사로 선정된 이화여자대학교 유수란씨입니다 ^ ^ 화천 쪽배축제장에서 ~ URL
0.00064756756,0.0002335108,0.0013727975,0.00023976344,0.9970951,0.00041129877,"그냥 임신해서 낳아서 모유수유 하면 살이 쫙쫙빠지다못해 면역력이 약해져서 온갖 알러지성 병과 탈수 , 빈혈까지 생깁니다  시중 두유가 얼마나 살찌는데 ( ... )"
6.699076e-05,0.00013739137,4.6843415e-05,5.453675e-05,0.0001400981,0.9995541,중학교때 이후로 처음으로 피자헛 매장에서 피자 먹어봤다 . 샐러드바가 일품이였다 .  #먹스타그램 #피자 #피자헛 URL
4.8111524e-05,5.5995075e-05,3.577122e-05,4.457999e-05,7.862268e-05,0.99973696,"G마켓 RT @user : [ G마켓 트위터이벤트 ] 새롭게 태어난 G양이 말하고 싶은것은 무엇일까요 ? 팔로한후 빈칸채우고 RT 로 정답보내주세요 ^ 0 ^ / 추첨해서 4분께 베스킨케익 , 50분께 페로로로 ... URL"
0.0003283064,0.0016228609,0.00037948793,0.0012666968,0.0022768471,0.9941257,@user ㅇㅈㅇ 악기를 배워야겟군여 #마라카스 
8.666602e-05,0.00015988339,6.50687e-05,4.2472977e-05,0.00035690088,0.99928904,[ 수도권 09:00 분 현재 ] 수도권 전 구간 소통 원활합니다 . 감속 안전운행 하시기 바랍니다 .pic.twitter.com/6EqkxrD2
0.0002732382,6.272192e-05,7.582032e-05,0.00038007577,0.0012809966,0.9979272,@user . 뭐뭨ㅋㅋㅋ
0.9909554,0.00214632,0.00032516694,0.0044128774,0.0018989308,0.00026119975,"@user 둘 다 하겠다니 , 그건 좀 욕심쟁이 ? ;P 헉 , 너구리 먹었다니 . 부럽지않아 . "
4.6873065e-05,3.91629e-05,3.5162157e-05,4.0580653e-05,5.1053314e-05,0.99978715,@user 초록색 
0.00011466197,0.0003924428,0.00011022212,0.000103501356,0.0003606303,0.99891853,@user 그래 . 편하게 하고 . 
0.0010339884,0.003354688,0.00033773624,0.0003991044,0.057521734,0.9373528,영구지속적인 캐릭터 추가를 위해 스타3를 출시해야합니다 ! 
0.062831,0.00089967716,0.003921852,0.0071906284,0.11348242,0.8116744,그 알라가 그 알라가 아닐텐데 ...  URL …
5.474615e-05,0.000113472684,4.330603e-05,3.0262483e-05,8.462317e-05,0.9996736,우체국쇼핑 우리 농산품으로 추석 선물 구입하시고 최대 20 % 할인까지 받으세요 . URL at 8: 59 AM
0.97966653,0.0003770674,0.00017342767,0.000980987,0.017903768,0.00089824817,@user 본페보다 크로수가 더 많다면서요 ... 본페의 의미가 뭐야ㅏ아ㅏㅏㅏ 이 스케줄을 박살낼거야ㅏㅏ아ㅏㅏ ! ! 바보들이 무슨수로 짜겠어 ! ! 
0.0034216582,0.9763763,0.0012911571,0.0037935614,0.0011726782,0.013944737,@user 아니 괜찮은데 ? 원래 최애 다키정도는 덕의 필수품이잖아 
0.0073749414,0.02862556,0.002109705,0.21815188,0.09161426,0.65212363,남초와 터프쪽 모두에서 ' 재기해 ' 라는 말 정돈 들어야 자랑해볼법한 ... 
0.0056477003,0.0013996206,0.00053679064,0.050905585,0.014509018,0.9270013,"@user .. ㅇ , 웃긴가 . - ?"
0.274525,0.0020001172,0.0020970907,0.49047485,0.057243913,0.17365909,""" @user : 컁컁 #첫인상은_이랬는데_나중에_알고보니_이렇더라_인용으로_알려주세요 "" ? ? ? 무슨여우인거지 ? -> ... 오빠아 ?"
6.6201486e-05,4.3820906e-05,4.5268665e-05,4.1961248e-05,0.00019664581,0.9996061,제2금융권 가계대출 증가율 예금은행 3배 : 지난 1년간 제2금융권의 가계대출 증가율이 시중은행의 3배에 달하는 것으로 나타났다 . 시중은행들이 신규 가계대출을 일부 중단하면서 금융소비자들이 .. URL
6.433743e-05,6.803142e-05,4.1221487e-05,3.427447e-05,0.00014010927,0.999652,용준좌 드릴 맥주 사서 한국 간다 ... 
0.002632175,0.69693214,0.0015398625,0.001549263,0.29562494,0.0017215816,이예쓰 ! ! !  ㅋㅋㅋ오늘 일다녀왔지만 슈퍼문 보고왔거든요 ! ! 낮에 뜬 슈퍼문도 귀여웠어요 ! ! ! 누님도 즐거운 연휴 ! ! ! pic.twitter.com/6cqGWSpgW5
0.00064903754,0.00075134024,0.00024664376,0.0005044722,0.99714226,0.0007061433,앱 정리하다가 ... 진짜 지디는 특별하다고 ' ㅁ ' ! ! ! 이걸발견하다니 운명인가  pic.twitter.com/VkgTIjZvus
0.0018371318,0.22606225,0.74079674,0.00324103,0.025702719,0.0023601232,@user 제목처럼 왠지 서글픈 한국의 현실 ... 소망합니다 ! 모두가 사랑하는 대한민국이 되기를 ... 고맙습니다 ! 글고 잘들었습니다 ! 오늘도 힘차고 즐거운 하루 되세요 ~ ( ^ ^ ) ( __ ) !
0.9982674,0.00014127843,0.00017358297,0.00019151355,0.0009345405,0.0002917199,아 토나온다 이제 버스탔습니닼ㅋㅋㅋ
0.00076847733,0.0010041931,0.00093324156,0.0006009042,0.070636325,0.9260568,RT변기정도의 묘사라면 아직 상황이 괜찮군요 . 
0.0010541378,0.99688584,0.0003249194,0.00045466612,0.0008798073,0.00040075503,@user 최고 . 한국삼실에 있는 고선생보다 낫구먼 ㅋㅋㅋ
0.00010787504,5.2288135e-05,5.95152e-05,0.00022680117,0.00023062491,0.9993229,@user 결국 나왔군요 ... * = _ = *
4.0471554e-05,6.657421e-05,4.071638e-05,3.0976746e-05,6.451111e-05,0.99975675,"RT @user : 누나언니동생에서 선물하세요 출산준비물 10종세트 URL [ 이벤트 ] 팔로윙 + 리트윗 + 링크클릭하시면 매주 7명 문화상품권 ( 5천원 ) 을 드립니다 "" """
4.3827455e-05,3.4537046e-05,4.3214764e-05,4.6191177e-05,3.6764493e-05,0.9997955,@user ㅇㅇ
0.0033724552,0.00078602065,0.0010769146,0.94634145,0.03557745,0.0128457295,"테잎을 붙이지 않는 속눈썹증모술전문 "" 래쉬랩스 "" URL 이하얀 "" 부모 이혼 때문에 내가 이혼할 줄 생각도 못했다 "" URL"
0.00030029425,0.00076512544,0.00036043525,0.0001696962,0.9968432,0.001561182,RT ) 여름날 새벽에 잔디밭을 신나게 뛰어다는 고라니가 포항 여름의 정취지요 
0.00012316664,0.0008159091,0.00011296824,7.7923294e-05,0.0002558074,0.9986142,안녕하세요
0.9986695,0.0004055507,0.000100631005,7.010653e-05,0.00043047068,0.00032369603,@user 시민들은 서로 치고박고 의심하도 밟아줘야 제맛이죠 ! ! 
0.00071115344,0.9955445,0.00037107957,0.0004339179,0.0017516336,0.0011877089,@user 노원인 입니다 . 화이팅 !
0.03134212,0.00080830033,0.96129906,0.000805915,0.0046431506,0.0011013335,누구보다도 더 사랑이 필요한 사람이 오히려 사랑이 필요없는 것처럼 행세를 한다는 건 아이러니가 아닌가 . 진정 외로운 마음이 젖어들거든 세상을 향해 사랑을 아이처럼 외쳐라 . < 앤드류 매튜스 >
0.0010255537,0.99564266,0.0003048003,0.0010950873,0.0011881824,0.0007437136,그리고 2016년의 유일한 잘한 일을 좀더 훌륭하게 ...  #쓸엑이pic .twitter.com/WDtagmxjJC
0.00021935193,0.0004689166,0.00022563069,0.0014914266,0.0014493791,0.99614525,@user 저참여할게욧 / / ㅎㅎ
0.00012661319,0.000411744,7.1719594e-05,7.850593e-05,0.00066386006,0.99864763,Max - 최강 - 심 창민 - Shim Changmin : 110816 東方神起 [ Back to Tomorrow ] MENARD TVCM 30 URL ? spref = tw …
0.22960198,0.07161409,0.008954196,0.0031610203,0.14548591,0.5411829,@user 두주니 오뽜는 항상 머리가 크게 나와영ㅠㅠ ( 미아내영 )
3.9826275e-05,5.6860787e-05,4.131932e-05,3.4331217e-05,4.728288e-05,0.99978036,하모니넷 가입자 절체교육 URL
0.9994056,0.00020527914,0.000116722505,6.0717564e-05,0.00012756797,8.4020285e-05,군사력은 비록 미국에 의지하지만 그 와중에 자주적인 태도로 미국을 잘 이용해 나라를 부강시켜도 모자랄 판에 미국의 주구를 자처하고 무리하게 이것저것 다 퍼주는게 지도자의 덕목은 아니죠 . 이미 세상은 철저하게 자국의 이익을 중요시하는걸로 바뀌는데 말이죠
0.874151,0.033289842,0.012274052,0.05788932,0.0041072425,0.018288659,rt ) 제명오빠 돈이 없어서 바지가 다 찢어지도록 입고 다니능가봉가 
0.99937785,0.00010749155,0.00012946741,8.228712e-05,0.00020455137,9.830294e-05,""" @user : 롯데의 소량의 멜라민은 사형감이고 , 해태의 대량의 멜라민은 용서 할 수 있습니다 . #Sarcasm """
0.9892482,0.005287076,0.0020718828,0.00015250458,0.0028737905,0.00036668056,바바리맨을 희망하는 모든 성추행범 워너비들은 먼저 지검장이 되기위해 필사적으로 노력하시기 바랍니다  #오늘_sarcasm_좀_돋는듯 URL
0.0012204566,0.20446956,0.0006545508,0.0009678926,0.0054368023,0.7872507,@user 은영 하이 ^ ^
0.89525944,0.0030817364,0.0004994956,0.00051795604,0.08663076,0.014010644, 안되겠소 다시 쏩시다 ( 탕 pic.twitter.com/Pm4bSHrVND
0.0009515675,0.0025453223,0.06487772,0.0005603812,0.9290181,0.0020469294,"임보 , 입양은 작은 생명을 살리는일 ~ RT "" @user : 예쁜 푸들공주 프림이 입니다 . 프림이가 두려운 보호소를 탈출할수 있도록 가족이되어주세요 임보나 입양 그 어떤 방법이라도 프림이를 꺼내주고 URL :/ / me2.do/GnW4wW6 """
0.00179647,0.88280135,0.006280773,0.0005360911,0.106069826,0.002515446,배우 강지환의 차형사 기대해주세요 ~ URL
0.0016828311,0.0005406345,0.0004595189,0.00031359814,0.9810136,0.015989807,"서울 20대 투표율을 보라 희망은 있다 총선 투표율이 실시간으로 집계되는 상황에서 ' 연령별 투표율 ' 을 확인하려면 몇 달 걸린다는게 상식적으로 납득이 되는가 ? 또 , 20대 여성 8 % ? 트윗도 끝없이 방법적 회의를 통해 수용해야한다"
0.00080195256,0.99687093,0.0002750407,0.00049496844,0.0009956518,0.00056158303,@user @user 훌륭한 박후보 ^ ^ 
0.013990956,0.97717905,0.00041539987,0.00046205593,0.004459747,0.0034926524,님은 바로 무엇입니까 ! 님은 바로 민주주의의 낙원을 말하는것입니다 ! 여러분 ! 
0.00272282,0.16467874,0.0014299022,0.002570804,0.6769896,0.15160811,@user 굿모닝
0.0003408399,0.000982734,0.00036876995,0.0014655896,0.9959772,0.0008648756,정말정말 웃긴 거 보고 모니터에다 포카리 스웨트 격뿜한게 있는데 ... 그건 울집 컴퓨터가 아니라서 다행이다 ... 
0.0046730815,0.0007843924,0.00035201327,0.0015719724,0.07336643,0.91925204,@user 후후 .. 다 아는 수가 있습니다 !  그리고 또다른 사진들 ! pic.twitter.com/k8wOqU7oWU
0.0005071719,0.00031617377,0.00025811553,0.00023823389,0.99856746,0.00011284537,@user @user @user 한국 영치러님들 납치해서 한치 팬픽을 쓰게 하면 완전 망붕썰 정권교체도 이뤄질것 같은 이 느낌 ...  그나저나 시크릿 서비스가 그런 것이었군요 ㄷㄷㄷ 우주가 ...
0.87181133,0.014084934,0.0013473914,0.0008598152,0.05139286,0.06050362,@user 기계에 먼지 한올 들어가지 못하게 막지 그래 ? 그 편이 훨씬 빠를것 같은데 . 
5.7352252e-05,0.0001681744,9.410097e-05,4.5367593e-05,4.8011774e-05,0.999587,
0.0004320758,0.00043065197,0.0008362032,0.00032481688,0.99570775,0.0022683856,아이쿠 - 벌써 구정이 다가왔네 .
0.0002712642,0.0004228148,0.00010676443,5.3124604e-05,0.0004095065,0.99873656,@user 프로젝트 아이마스를 접수하고자 둘이 퓨전해 시간까지 뛰어넘어 투입된 아이돌이 쟤죠 . 
0.0002954148,5.244128e-05,8.702008e-05,0.00057040685,0.00016011215,0.99883467,@user 왜
0.00012859373,0.00063390983,7.592379e-05,9.7038486e-05,0.0010136015,0.9980509,"RT @user : Thank you ! 환전송금 페스티발을 시작합니다 [ 팔로우 + RT ] 하시면 총 100분에게 스타벅스카페라떼 기프티콘을 드립니다 . ( 추첨일 12.12 일 , 12.19 일 , 12.26 일 , 1 ... URL"
0.0012934706,0.009756044,0.00050274096,0.0005985429,0.046079487,0.94176966,@user 헿 전 야행성이니까 괜찮아요 ! 
0.9912409,0.00022035747,0.0006937218,0.004951657,0.0025761942,0.0003170077,에잇 죽어버릴까 ? 안되지 받는걷보다 주는것이 더욱줄거우니 화이트데이날 사탕줄그녀를 찾아봐야지
6.0174556e-05,0.000172434,8.222855e-05,4.8533635e-05,0.00015460215,0.9994821,@user 아 .. 안녕하세요 .
0.0001465812,8.848863e-05,0.00017295618,0.0002278256,0.00022650065,0.99913764,@user 누울꺼면 ... 비켜줄까 ? 
0.0006994288,0.9930148,0.0014500035,0.0005399038,0.0037471678,0.0005485876,@user 승우오빠 귀엽게 나왔내
0.0009763663,0.003309664,0.00014556065,0.0002449899,0.0037833669,0.99154,그러고보니 22화 엔딩컷에서 이마요시-완테 미도리마-반테 휴가 무테인갘ㅋㅋㅋ 안경도 나름 개성이 있구만 ? ? 
0.0016255832,0.0004747065,0.0001584012,8.751968e-05,0.00021774623,0.9974361,더부어민주당 . 
0.0006765375,0.0017454647,0.00044423115,0.0011133623,0.050584476,0.94543594,흐흐 . 9시 전에 일어나기 성공
0.99946576,9.4502866e-05,8.943223e-05,9.121195e-05,0.00017539997,8.367749e-05,"삼일절이 팬미라고 특정국적을 차별하면 인피니트 멤버들이 엄청나게 잘한다고 칭찬해줄것같나 ? .. 오히려 실망하겠지 .. 국적을 넘어 같은 가수를 사랑해주고 자비를들여 한국까지와서 응원해주는건데 , 같은마음을가진 같은 팬들에게 섬녀 ? 출입제한 ? 이건 뭔 .."
0.0028414486,0.0012779387,0.006402051,0.80622613,0.17552269,0.0077297892,졸려 ...
0.00082108786,0.991715,0.00038713642,0.0005165618,0.0048868814,0.0016732718,@user 우옹 멋지당ㅋㅋ
0.0009777969,0.951628,0.004546217,0.0006993012,0.040937502,0.0012112238,@user 그대로 두 자리까지 돌파하실거죠 ? 응원하고 있을게요 #찡긋 
0.050251972,0.010178836,0.003739487,0.0012969917,0.180378,0.75415474,Produce 101 [ 4회 ] 화제의 그녀들 ! - 1조 원더걸스 ♬ Irony 160212 EP . 4 #Sohye #Sejeong #Produce101 #Irony URL …
8.610991e-05,4.9365455e-05,3.7389014e-05,7.1400354e-05,7.032779e-05,0.9996854,도깨비 아님 #공유 #글감 #그냥쓰는시 # 씀 # 시 #감성스타그램 #도깨비  URL
0.0016539651,0.8837976,0.08413572,0.0010976812,0.022179555,0.007135477,@user 으하하하 ~ 오늘좀 몸좀 푸시것어여 ~ ㅋㅋ
0.0002534719,0.0014278069,0.000115846975,0.000107897766,0.0031759725,0.994919,@user 뇽토리얼 ! ( ≥ ∀ ≤ ) / 
0.0024533083,0.060370177,0.001239002,0.0017208977,0.48143676,0.4527799,저는 한곡을 공부함니다 ! Fighting !
0.00056003453,0.99695385,0.00033616927,0.00054533925,0.0011257539,0.0004788425,@user 대전으로 놀러온다니 고마워 
0.00023298629,0.00051874766,0.00058076903,0.00091634504,0.99609816,0.0016529602,@user 그럴까요 ? 언제든지 화녕합니다 #웃음 언제 처음 반했다던가 매력이 무엇이라던가 어떤것이든 이야기할수잇어요 
0.0041597486,0.98730123,0.00088068633,0.00023396878,0.0035496873,0.0038746947,이모가 4살 조카에게 과자 한개만 줘 ! 조카왈 엄마 말 잘 들으면 엄마가 과자 사준다 ! 엄마는 만능 해결사 나의 해결사는 누굴까 ?
0.07797938,0.0007677522,0.00057854626,0.0034222235,0.0017065788,0.9155455,@user 전 인피니트 싫어요 
0.9974407,7.693516e-05,0.00013115398,0.00039466022,0.0009733254,0.0009832404,안드로이드들 데리고 산책도 못가는 주제에 ..
0.10352848,0.051973984,0.5711419,0.24556652,0.011068353,0.016720718,"@user 그  만 없었으면 좋았을텐데 . 난 진심이였다고 , 셜록 ."
6.6201486e-05,4.3820906e-05,4.5268665e-05,4.1961248e-05,0.00019664581,0.9996061,제2금융권 가계대출 증가율 예금은행 3배 : 지난 1년간 제2금융권의 가계대출 증가율이 시중은행의 3배에 달하는 것으로 나타났다 . 시중은행들이 신규 가계대출을 일부 중단하면서 금융소비자들이 .. URL
0.0023218647,0.05155042,0.0020996274,0.0012964001,0.6120138,0.33071792,상쾌한 월요일 아침 . 
0.001540067,0.0024753478,0.0016738886,0.26367828,0.00094807235,0.72968435,@user 제가 좀 . #데헷 
0.00016237644,0.0004985412,0.000103288075,0.00013411799,0.0031803637,0.99592125,RT @user : RT이벤트 > > 가을 단풍놀이시즌 ! 여러분이 다녀온 단풍놀이 사진에 #KALTOK 을 붙여 트윗 해주세요 ^ ^ 추첨을 통해 기프티콘을 드려요 ( 발표10 / 15 ) URL URL
0.0010138676,0.000728216,9.124215e-05,0.00019328017,0.0019851567,0.9959882,Wonder Girls ( 원더걸스 ) - Irony #Sunye #YeEun #Sunmi #Sohee #Hyunah #WonderGirls #Irony #Debut #JYP URL
0.0032922465,0.00037526025,0.0003461242,0.008977061,0.977458,0.009551312,"검을 든 꽃 완독 . 문득 판타지소설 내에서 , 마탑 소속의 마법사 , 현자 , 마스터들이 가족을 이룬 경우보다 기사 , 마스터가 가족을 이룬 경우가 더 많지 않나라는 생각이 머리를 스치고 지나감 . 전자는 석박사와 포닥을 , 후자는 장교를 투영한 것이라 그러한가 !  #망상 #교수는_어디로"
0.0028578294,0.39444676,0.0010416838,0.0018014009,0.59574956,0.004102862,"RT @user 올 겨울 , 고수와 한효주가 제대로 연애합니다 빛나는 포스터 최초공개 ! URL ( 궁금해요 ~ ~ ? 궁금하면 RT ! ! 추첨해서 예매권줄께요 ~ ~ )"
0.0010743558,0.0019419832,0.00039824552,0.0013590924,0.95619184,0.03903448,음 좋아 그래 1백정도면 해도 괜찮을거야 고작 100연차밖에 안되는걸 
0.0007657752,0.98499805,0.0015207952,0.00055591145,0.0015426235,0.01061668,@user 알겠어 우쭈쭈
0.004417531,0.523835,0.0012929227,0.0013808039,0.043727685,0.425346,"평소 빗물만 잘 관리하면 가뭄과 홍수를 막을 수 있다고 주장해 온 이학렬 고성군수가 세계물협회로 부터 아시아 대표로 상을 받았다 . ‘ 하늘이 내린 빗물 , 공룡을 깨우다 ’ 라는 주제 선정 및 국제물포럼 개최 , 그 ... URL"
0.9992674,0.00022702683,9.491273e-05,0.00012777338,0.00018806437,9.467136e-05,정가 9만원되면 최소 18만원에 시작해야되는데 값싸다 . 진짜 양심 있는 되팔이구만 
5.5258995e-05,4.93701e-05,3.9993483e-05,3.688004e-05,4.8523452e-05,0.99977,전제군주정 한 번 가시죠 . 
0.015173045,0.0008267363,0.00025759634,0.0007852129,0.98015666,0.002800723,@user ㅇㅂㅇ ... #탐라에_불을_지른다 
0.9995351,6.932443e-05,6.4220425e-05,7.74887e-05,0.00013884131,0.00011510229,"@user 새누리당은 박후를 대권에 성공 하려면 친박 핵심인 최경환 , 서병수의원등 핵심 인물을 빨리 바꿔야한다 . 타이밍을 놓치면 또헛빵 ~ ~"
0.0002916502,0.00023479317,0.00030615035,0.00040840975,0.99855644,0.0002025681,환율급등 ... 코스피 오늘도 탈탈탈 털리려나 ㅠ_ㅠ
0.1465554,0.0017762424,0.0021373217,0.13367176,0.47711113,0.23874818,어 ... 정말 ... ? 굴러 ! ( ? ? ? ? ? ? ? ? ? ? ) 
0.017447831,0.0020973205,0.6195616,0.059647087,0.18142161,0.11982451,@user 일본측은 보통 3차원계는 팬픽을 찾기 힘든지라 ... ; ; 캐붕이 적으려면 적어도 00년대 후반부터 쓰인 걸 봐야 ... ! ( 특히 하이도는 00년대 전중반까지도 90년대삘로 해석되서 ; ;( 천사작고귀엽고아담하고 ... 등등 어쨌든 총수 ? 
0.0004096442,0.004798418,0.00044778216,0.0006008127,0.9932389,0.0005044273,ㅋ .. ㅋ .. 결제까지 완료 ... ㅋ 난 이제 수능공부만 하면 된다 ! ! ! ! 아 행복해 ! ! ! ! ! 
0.9996057,8.539152e-05,7.591772e-05,6.873603e-05,9.829076e-05,6.584358e-05,@user 저는 이 아침에 얼토당토 않은 경상도는 일본앞잡이란 글을 봐야합니까 ! 그리고 진보다운 생각은 뭡니까 ? 님이 말하는 그 옳은소린뭐고요 ? 경상도사람은 죄다 일본앞잡이다 ? 그겁니까 ? 님이 뭔데 경상도사람들이 오랑캐란말을합니까 ? 그게 진보입니까 ?
0.0007144686,0.0006829168,0.00152278,0.97968733,0.008477392,0.008915171,@user 아마 다른 의미의 ' 딸벗'이 있지 않았을까 하는 생각도 들고요 ... 
0.0003751306,0.00013259015,6.0203998e-05,0.00034259396,0.0010038939,0.9980856,플래그를 세우면서도 100퍼센트 회수는 안하고 클리셰에 정석을 따라가면서도 괜찮게 소화된 느낌 .
0.002284813,0.0240694,0.005103716,0.0037337623,0.0348781,0.92993015,큰 아이가 실내화를 직접 빨기로 한 날 ~ 한 삼십분은 빨았나 보다 .. ㅋ 이제 다 키웠다 ~
0.98073065,0.0007785627,0.00030792336,0.011126177,0.0057859076,0.001270811,@user @user 모라고요 ? ? 라로책 낸다구요 ? ? ? 내가 비록 라로를 시 ... 싫 ... 좋아하지 않긴 하지만 나오면 삼 ! ! ! ! ! ! ! ! ! ! ! ! ! !
0.0047186175,0.8212512,0.0013033665,0.0010260809,0.15911585,0.0125849,앞으로 브리핑만 보겠습니다 . @user : 격하게 반깁니다 ! ! RT @user : 모처럼 조간신문 브리핑을 해봅니다 . URL 오늘 것은 시험판이고 곧 정상적으로 재개하겠습니다 .
0.9984546,0.00010102027,0.00015465633,0.00029034758,0.00084683724,0.0001525365,@user 왜요 ? 더 죽여요 ? ∇ ? 
4.6904814e-05,4.7971815e-05,3.4578647e-05,3.7890317e-05,9.799539e-05,0.9997347,바닐라라떼 ( @user STARBUCKS COFFEE w / 2 others ) URL
0.0013519543,0.25923863,0.0019193975,0.00066397723,0.0028629801,0.733963,"@user @user @user 안녕하세요 . 다양한 상품들의 할인 정보와 이벤트 , 경품 정보 그리고 다양한 뉴스를 전해드리고 있습니다 . 친구가 되어주세요 ^ ^"
6.30476e-05,7.9606885e-05,3.760112e-05,5.8165264e-05,0.00011641571,0.9996451,@user 레모네이드를 한잔해야겠네요 . ㅋㅋㅋ
0.814429,0.079324014,0.0013804104,0.0017656751,0.09809123,0.0050098337,나꼼수의 인기를 더욱 높이기 위한 검 . 경의 행동이 시작 되었구나 .. 이럴때 타이거JK 형님의 노래가 생각난다 ... 발라버려 ( ? ) 날려버려 ( ? ) ...
0.0011200359,0.00027124648,0.00012182252,0.00057847984,0.011574928,0.98633355,결국 운동 + 음식 RT @user 문제는 운동만으로도 안빠진다는 것 . RT @user : 불변의 진리 RT @user : 이 세상에 온통 불확실한것 투성이 인데 . 한가지 확실한건 다이어트 식품으론 살 안빠진다는것 . 역시 운동해야 돼 ..
0.9987717,0.00016597535,0.00023206128,0.00058261474,0.00013628423,0.000111334564,선생님 어휴 저질 
0.00062014366,0.9948773,0.0005230641,0.00079317886,0.0014148479,0.0017715141,"500님의 소망 : "" 부지런하게지냈으면좋겠어요 "" -> 뽑은 타로카드 : [ No . 6 The Lovers ( 연인 ) : 연애운 만땅 ] pic.twitter.com/MRmdHW2H URL"
0.038492892,0.9246582,0.02063974,0.0029584065,0.007926969,0.0053238445,남자로 태어난다면 남자를 사랑해야지 
6.6569446e-05,7.486817e-05,8.408019e-05,5.021883e-05,0.00023631322,0.9994879,도밍님 방에서 살고 싶 ... 
0.00038992817,0.00017393008,0.00022807167,0.00021120053,0.9986689,0.00032799033,금연진행중 군것질만늘어서 큰일이다 밤늦게 삼겹살까지 먹엇다 URL
8.980246e-05,9.520846e-05,3.595942e-05,4.1363037e-05,6.038408e-05,0.9996773,1인칭은 역시 오레사마죠 . 
0.00077071757,0.00030555215,0.00021408219,0.0004357917,0.99812824,0.00014561204,아 ... 11시에 축가가 왠말이냐 ... ㅠㅠㅠ 목 안풀려서 왕창 삑사리 돋을 기세 ... 암튼 ! ! ! 굿모닁 ~ ~ ~ ^ __ ^
0.0009980911,0.99693775,0.0004800105,0.00065769715,0.00067419134,0.00025234855,ㅋㅋㅋ집사 1년동안 키워줘서 고마워서 ? ? ? ㅋㅋㅋ #은혜갚은_냥이  ㅋㅋㅋ
0.00026247415,0.00058610516,0.00016583016,0.00024579477,0.009262682,0.98947716,알송 안드로이드에서 #ClariS -  듣는 중 !
0.007187409,0.0037090683,0.43397734,0.0015821328,0.037165467,0.5163786,@user @user 보스의 순결이나 걱정하시지 ? 
0.0013554749,0.9942061,0.0020916506,0.00047454124,0.0016406394,0.00023156559,@user 엇 ? ! 홀리님 ! ! 아직 안가셨네요 ? ? ㅎㅎ 몸 조심히 잘 다녀오세요 ! ! 비록 트친된지 얼마 안됐지만 님은 좋은 분이셨어요 ... 또르르 ... *
0.0076215337,0.20886034,0.123995446,0.40316933,0.24672656,0.009626807,심신이 피곤해서 들었던 극단적인 생각이었지만 적어도 졸업할 때 대 빅엿 먹이고 나가야겠단 생각을 접지 않게 해준 고마운 순간이었다 . 
0.009331748,0.04691612,0.0019596126,0.8431658,0.051918622,0.04670813,내 자캐로 덕통사고 내면 ... 그냥 존잘님과 나는 솔메인게 아닐가 
0.6586608,0.0008951919,0.0013288808,0.0014909161,0.33660373,0.0010204797,"RT @user "" MB 사저 부지는 범죄현장 ... 국민 화병난다 "" URL URL ? cntn_cd = A0001641691 …"
0.9188769,0.0008040803,0.0013851383,0.046379425,0.0014499861,0.031104509,제 인격은 토끼의 간과 같습니다 ... (  )
0.0001007162,0.00059612904,0.00012780893,0.000206078,6.424026e-05,0.99890506,@user 넵 ㅋㅋ
0.0005593383,0.0003713656,0.00022715535,0.0005368009,0.9945418,0.0037635048,조용히 등장해 떠들썩 하게 사라진다  URL …
0.0007571669,0.0005988541,0.00072945445,0.0030246526,0.9855848,0.009305095,@user 인생머있나요 즐거우면 그만이지 #파스슷 
0.1366968,0.033805724,0.0011422922,0.0036494795,0.0038112078,0.82089454,WIZ @user : 국내 최초의 토종학습지 재능교육의 35년의 노하우로 탄생한 e학습전문공부방 000문항단위 실시간 디지털 코스학습 000의 이름은 ? URL :/ / www.jeiwiz . 정답을 맞추신 3분께 징거박스밀을 ! 9/21 오전10시발표
0.9958721,0.00017604767,0.0004937756,0.00013202474,0.003071575,0.00025457295,호랑이가 떡을 머리에 이고 가던 할머니를 붙잡아다 떡 하나 주면 안 잡아먹지 그랬대요 그런대 그 떡이 가래떡이라거 호랑이가 먹는데 아무리 먹고 먹어도 줄지가 않더래요 그러다 리밋 
0.0005146584,0.00023315554,0.00024968345,0.0015179644,0.00016740013,0.99731714,지력 . 지능 할 때 지 맞지 ? 
5.070596e-05,5.674776e-05,4.2020885e-05,3.0429974e-05,8.9788555e-05,0.9997303,"[ 수도권 09:00 분 현재 ] 기상 : 수도권 일부구간 ( 용인시 , 안성시 , 고양시 , 성남시 , 광주시 , 시흥시 , 인천광역시 , 양평군 , 평택시 , 안산시 , 하남시 , 구리시 , 파주시 ) 빗길주의 , 감속 안전운행 하시기 바랍니다 . #traffic_kor"
0.00067768607,0.9965108,0.0003143971,0.00060304,0.0010682199,0.0008258323,@user @user @user 맞팔감사합니다 . ^ ^
4.5044908e-05,4.884871e-05,4.119877e-05,4.492174e-05,6.0279508e-05,0.99975973,@user 글로오오리아 인엑첼시스데오'ㅅ ' / 
0.00082614255,0.9946037,0.00037379304,0.00071579707,0.0029083183,0.00057216326,순수하고 매력적이신 여성분입니다 !  URL …
0.004788506,0.0100453235,0.10287005,0.33401194,0.35793558,0.19034864,"[ SayGJ ] ( 기아타이거즈 ) KIA , 아쉬움이 남았던 이대진의 LG행 : KIA , 아쉬움이 남았던 이대진의 LG행 현재 기아타이거즈는 과거 타이거즈의 영광을 되찾기를 위한 움직임이 분주하다 . 먼 ... URL"
8.83017e-05,0.00020321198,5.19961e-05,3.7243877e-05,8.085311e-05,0.9995384,@user 유저계라도 팔로해 ~ 
0.85071146,0.0029676764,0.0015601568,0.14135416,0.0018592642,0.0015473005,"2015040 4 마버킷 밤공 박유덕 배두훈 페어 "" 나 ~ ~ 나쁜자ㅅ ... ""  pic.twitter.com/2v4ymZGVLO"
0.0010357547,0.0054915664,0.00170727,0.0017781503,0.91960466,0.07038262,야호신난다  URL
0.01663048,0.0069224914,0.3086328,0.029190885,0.1788605,0.45976293,목모닝 ~ ~ ^ ^ 오늘은 아이가 소화를 못시켜서 답답해 할때 팁 알려드릴께요 ~ ! 1 . 손바닥 판문혈과 내팔괘 문지르기 ( 아이의손을 위로향하게하고 ) 2 . 팔 만지기 3 . 배 문지르기 ( 엄지손가락을제외한 4손가락으로 가볍게 시계방향으로 ) 기억해두었다가 실천해봐요 ~ ^ ^
0.9993824,7.572399e-05,5.934542e-05,0.00012986954,0.00022503392,0.00012758873,@user 근데 많이들 남기길래 왜 그런가 해서 먹어본 사람들한테 물었더니 좀 달대 .. ! 저런 건 단 맛으로 먹는 거 아닌가 ! 
0.0024861987,0.15744635,0.0015505193,0.0016703213,0.2673426,0.5695041,@user 브루클린 퀸즈 크로스 ! ! ! 
0.79972804,0.0019720464,0.0009288564,0.1058155,0.04871177,0.042843815,@user @user 내 성생활은 물건너갔군 . #Sarcasm
0.9409109,0.0037304743,0.025938006,0.00156977,0.0274208,0.00043000706,"동방의 모든 술법에 통달한 동박박사 셋이 문화 교류를 위해 찾아오니 서방의 모든 박사들의 주문은 파훼되어 무릎 꿇었도다 . 동방박사들은 기고 만장하여 패배와 가르침을 구한다며 서방을 돌아다니되 , 마굿간에서 한 아이의 울음소리 울려퍼지나니 "
0.005911451,0.9141936,0.00093732576,0.0014257986,0.0054187216,0.07211316,@user 하실 말씀도 있나보죠 ? 
0.9987079,8.9315e-05,9.764775e-05,0.00012845767,0.0008702685,0.00010645413,@user 조급해서 협박을 하냐 ? 
5.8173733e-05,3.3761073e-05,3.981742e-05,4.2783337e-05,0.000107207255,0.99971825,"모드리치 , 레알 마드리드와 계약 임박 ‘ 토트넘 결정 대기 중 ’ URL ? id = 01420120707 3008565 …"
0.020506032,0.0013217044,0.002395894,0.019426337,0.016492851,0.9398572,@user ? ? ? ? 왜요언니 ? ? ? ㅠㅠ
3.734098e-05,4.699769e-05,4.4327186e-05,3.888265e-05,3.8425544e-05,0.99979407,@user @user 하요
0.00021256226,0.00044608617,0.00041732352,0.00028999947,0.9983518,0.00028212555,봄이 꿈틀거리네요 RT @user : URL [ Daum블로그 ] 2월의 햇살에 노루귀가 활짝 웃네요 ~ ! : 요런모습의 망울을 보기 까지가 얼마나 긴 ~ ~ ~ 기다림이 있었는지 모른 다 . 지난해에 들여온 이 노루귀 ~ !
0.026635516,0.0008479935,0.014362022,0.002230593,0.93345195,0.022471935,내가 보고싶다고 울면 안돼 ~
0.47564322,0.0016488011,0.0021498199,0.006671302,0.51320595,0.000680882,@user 침대가 저를 놓아주지않아요 ! 분명히 뭔가 저주라도걸려있는게 분명해요 
0.0050377306,0.0012479118,0.00072856626,0.9385937,0.002919801,0.05147231,@user 역시 공부중에는 딴짓이 ... 
4.6899764e-05,7.9212936e-05,3.9641895e-05,3.4951503e-05,9.501854e-05,0.9997043,2012-03- 24 런치팅에 초대합니다 . 지금 신청하세요 . ( URL ) #lunchting
0.015215245,0.0033075768,0.0010206774,0.0009586081,0.94913447,0.030363437,@user ( 사랑니 : 적들이 들어온다 매복하라 ... 
0.011547761,0.4045646,0.0029949613,0.0008784294,0.5675281,0.012486226,벌써 주말이네요ㅋ 주말에 비소식있다고 들었는데 우산 잘 챙기시구요 ~ 모두들 오늘도 좋은 하루 되세요 ㅋ요즘에는 이윤석 루머해명 실시간 관심주제군요 ~ 연예인 뇌구조 테스트도 해보세요 ~ 잘맞아요 ! URL
0.005232385,0.0055097467,0.6377491,0.0006322061,0.0051688394,0.34570777,"@user URL "" 카드론피싱사고 예방소홀 책임이 있는 카드사가 피해고객 과실을 따진다는 점에 대해서 어떻게 생각하시나요 ? "" 설문에 투표 간절히 부탁드립니다 . 도와주세요 . URL"
0.9879749,0.0043959515,0.000344941,0.0010878263,0.0054525672,0.0007438294,@user 정말 입에 들어 부어주고 싶은걸 ? 그건 그렇고 때꾸라가 카부키쵸라는 곳에 여왕님이라며 ? #비웃 
8.673292e-05,7.941038e-05,5.3391457e-05,6.809953e-05,0.00053371576,0.9991786,""" 경기도문화의전당 "" 앞마당에는 유리 피라미드가 있다 . 루브르 박물관에 온 줄 ...  #오세요경기도 #오세요수원시pic .twitter.com/C7NwUtGnjm"
0.00064368226,0.99086046,0.002146719,0.00076410006,0.004641988,0.0009430888,@user 참으로 아름다운 모습이다 ... 
0.9865652,0.00022176554,0.00045640976,0.0036932174,0.0059885355,0.0030747373,@user 옹 리얼리 언팔해서 ... 근데 너 아이디 외우기 힘드렁 ...
0.9989735,0.00047505996,0.0001260763,0.0001766057,0.00013087326,0.000117846655,@user 정말 박원순씨는 언어의 마술사인가부다 
0.0011332758,0.0037024813,0.9851223,0.0004771799,0.008946932,0.0006178342,바나나동산 뇌구조 테스트 로그인 없이 바로 보기 ~ 그리고 요즘 박상민 억빚 혜민스님 눈물 정말 화제네요 ~ URL
0.06641097,0.00067483884,0.0014323738,0.07198521,0.063313164,0.79618347,동물에게 성욕을 느껴 코피가 나는 맥시모프 .. 
0.09149949,0.38239068,0.30614337,0.07061259,0.1311939,0.018159954,넌 아직도 너의 오드리를 못 만난게야 ? ? ㅎㅎ 나에게 몽룡이 있었단걸 몰랐구낭 ...   RT @user 누구랑 ? 나랑 ? 내 비록 플픽의 여인을 좋아한다만 ... 서로에게 인연이 있는듯 ... ^ ^ ; ; @user : 제대로 사랑합시다 ! ! !
0.015437088,0.44955063,0.005121871,0.017250808,0.0011160718,0.5115235,ㅊ 준면 본인 (  ) ㅎ 준면 애인 (  ) ( 따흐흑 T艸T ) URL …
4.6540223e-05,4.8748996e-05,4.1066945e-05,4.173737e-05,3.8955633e-05,0.999783,@user 배달부요 ?  pic.twitter.com/uhErQG46rc
0.00050013233,0.00027230545,0.0003464801,0.0055497754,0.0073460625,0.9859853,@user 막짤 갈가가 접니다 ~ ~ ( 트친소 2 ) 
0.9630726,0.00040435654,0.00022832924,0.0008144409,0.0015395279,0.033940718,돈코츠라멘 ? 싫어하지 않는다 . 어째서 그런걸 묻는거지 ?
0.00014207618,0.00014166841,6.265662e-05,0.00014285606,0.00040487444,0.9991059,존나 아이러니하다 ㅋㅋㅋ  pic.twitter.com/BzbJRhxJLT
0.0012926428,0.9832497,0.0003794574,0.001022003,0.0038171713,0.010239083,RT @user : 헬스기구타는 올바른 자세 ~ URL
0.96143687,0.033366203,0.00037699574,0.0010448712,0.0026342939,0.0011407163,@user 용문이 잘 들어갔어 ? 누나는 어제 떡볶이 배달 외에 뭘 한 거니ㅋㅋㅋ 다음엔 일만하지 말고 마구마구 놀장 ! ^ ^
0.0013784696,0.99434376,0.00035860453,0.0010101777,0.0010837495,0.0018253607,근데 저 56급 치고는 사퍼 잘하는 것 같아요 
0.0012179204,6.4030995e-05,7.847367e-05,0.0003273081,0.00074119924,0.99757105,결론 : 자수정은 가장 애매한 보석이다 (  )
0.0007021778,0.0007666176,0.0005275344,0.99529904,0.0008921628,0.0018124375,@user 올ㅋ지금까지는 약과였다그여 ?  제가 워낙 ... 성격이 그래서 ... 으 ? 으 ? ㅇ <- < ㅋㅋㅋ싱난다 앞으로 더 더더더 기대할끄에여 ㅇㅍㅇ ! ! ! ㅋㅋㅋ
0.008411049,0.00089010835,0.010541057,0.4855858,0.49187404,0.0026978278,아고 잠은 안오는데 ... 계속 앉아서하는 작업이라 허리가 ... 어쩔수없이 누워야겠네 ... ㅎ절대 일하기 싫어서 그런게 아니구 ... ㅎ ; ; #난_일하고_싶다 
0.00037816787,0.00078782084,0.0003481099,0.0001883043,0.9981596,0.0001379716,시험기간 .. 아이고 씐난다 ! !  #다같이_무서운_얘기를_해보자
0.9989949,0.0003169789,8.744938e-05,8.9159534e-05,0.00016319133,0.00034836185,"ㅎㅎRT @user : 김대중 대형 동상제작은 국가의 위상을 높이는 일이고 , 박정희 전 대통령의 동상을 만드는건 돈 지랄에 세금 낭비입니다 . #Sarcasm """
0.0009731735,0.94361234,0.0013147487,0.00077946746,0.035675604,0.017644757,@user 참 건강에 좋아보이는 방법이로구나 . : ) #반어
0.9994997,6.916257e-05,0.00010152703,0.00010137997,0.00017542801,5.2908857e-05,@user 아따ㅠㅠ 벌레이시키 정말 ~ ~ ~ ! ! ! ! ! ! ! ( 허우적거리며 휘둘름 
0.9991059,8.1768136e-05,0.00013250095,0.00016303771,0.0004553116,6.149204e-05,@user 이제 다시 괴롭히기 시작 .. ! 
0.0013253512,0.0008896294,0.0012211419,0.9597302,0.006782255,0.0300514,"@user 뒤에  붙이는걸 잊었구나 , 지시자 ."
0.00010383628,4.5978086e-05,5.3763415e-05,8.1143575e-05,3.938746e-05,0.99967587,수학공부 하고 있으니까 국어사전은 관계없지 않아 ?
0.00015467727,7.3299496e-05,7.7760815e-05,0.00056271814,0.00028279194,0.9988488,그래서 제가 밀리시타를 접었습니다 .  pic.twitter.com/SRs4dFVkmb
6.637299e-05,4.1678395e-05,3.7238977e-05,5.587338e-05,6.7938105e-05,0.9997309,민트뮤직에 『 알 수 없는 아티스트 Claris & #8211 ; irony 가사 』 정보가 등록되었습니다 . #민트뮤직 #멜론 URL # 알 # 수 #없는 #아티스트 #Claris # & 8211 ;  #가사
0.0023749785,0.045533873,0.91129714,0.0011676688,0.0011399642,0.038486235,RT > 아아 울 엄마 아빠의 신혼집이 ... #최애커플이_자신의_부모라면 
0.0005176545,0.99682707,0.00048851606,0.0005512317,0.0012856649,0.00032988234,@user 오호 물랭루즈에 열정과 눈물을 심은 로트렉 ~ ~ ^ ^ 뒷모습을 그림으로써 인간내면을 따뜻한 눈으로 바라본 작품 ~ ^ ^ Alone과 함께 좋아하는 작품입니다 . 고맙습니다 ~ ^ ^ 행복휴일 만드세요 ~ ^ ^
0.0037565855,0.111216,0.0006616365,0.0010682637,0.88228726,0.0010102453,육망성을 완성했어 ! ! ! 
0.0026682827,0.81947833,0.0011876224,0.0020167085,0.12534982,0.04929923,@user ㅎ재밌게 보세요 ~ ~ ㅎ
0.9974074,0.0012082005,0.00013069437,0.00021230408,0.0009353017,0.000106221756,@user ㅋㅋㅋ 문답무용 ! ! ! ! ! ! ! ! ! ! ! 내가 ! ! ! ! 너를 ! ! ! ! 선점한다 ! ! ! ! ! ! 
0.13310125,0.06975915,0.0015735939,0.070651256,0.02314438,0.7017703,""" @user : @user #깝죽깝죽 저 원래이런성격입니다 핳하하하핳하핳하하  "" 구축해주지 ."
0.99950314,0.00010477759,7.479724e-05,5.6662404e-05,0.00012591094,0.00013459277,공룡이 왜 신성해 ? #취좆 
0.1934049,0.000558552,0.57335424,0.031124264,0.13205343,0.06950467,요즘 젊은이들은 모르겠죠 386세대가 느끼는 좌절감을요 그땐 군사정권 이였다는 핑계가 있었는데
0.97527957,0.0001940313,0.0002360515,0.0014798567,0.01848594,0.0043244883,"RT @user 이 대통령 , ‘ FTA설득 ’ 국회방문 밀어붙이다 퇴짜 맞아 URL 민주 , FTA 맨손 방문 거절 한나라도 “ 다음에 오시라 ” 청에 방문연기 요청했는데 “ 가겠다 ” 일방통보했다 무산"
0.99799585,0.00020965713,0.00010218145,0.00013055305,0.0008859744,0.00067591394,와 숫자님이 씹게이 언급하셨당 
4.725155e-05,4.3165015e-05,4.484934e-05,4.9017206e-05,0.0001268936,0.99968886,"낮 기온은 인천 20도 , 서울 23도 등 전국이 14 ∼ 24도로 어제보다 1 ∼ 2도 가량 낮겠습니다 ."
0.0007459824,0.00053864595,0.0037783051,0.0004812017,0.9926803,0.0017755665,오늘은 그리 춥지않다
0.9771014,0.00015250343,0.00024370977,0.010884387,0.0032516306,0.008366418,"트위터도 퇴고 필수인데 , 난 퇴고가 그리 싫더라 . "
0.00037971226,0.0003346331,0.00021966296,0.00022214082,0.9986619,0.0001819898,음 ? 여기도 반어법인가 ? ㅋㅋㅋ제일 무서운 형 아닌거 같은데 ... ㅋㅋㅋ 우산 사진 너무 이쁘다ㅜㅜ #HappyEunwooDay #제일_무서운_엉아  #우산
3.948688e-05,4.3235912e-05,6.0001825e-05,6.616385e-05,5.660627e-05,0.99973446,@user 또개진상짓했나모르겠다ㅠ
0.0008599999,0.0012009831,0.00073727686,0.019480925,0.97417223,0.003548647,하루정도는 그냥 잠만 자고 밥만먹고 하고싶다 ㅋㅋㅋ 이것도 너무 큰 꿈이 되버려써 .. ㅋㅋ
0.13369556,0.0013336409,0.004173222,0.04271226,0.08852192,0.72956336,@user 여자사진이징ㅎㅎㅎ내여친
0.00011450815,4.4659075e-05,3.888839e-05,0.00010696964,6.130892e-05,0.99963367,뭐 내가 세이버라고 ? 
0.9428021,0.00030419743,0.00037320916,0.001156325,0.054130096,0.0012340798,@user 엩 진짜 도망치고싶었음 블락했겠지 ! 블언블은 밀당이야 ( 소곤소곤 ) 
0.0042055966,0.0011873838,0.033414543,0.00075886643,0.9282889,0.032144688,".. 그런거 아니니까 , 걱정 마라 . 꼬맹이 ."
5.0645293e-05,3.315782e-05,4.2268577e-05,5.9138565e-05,0.000113352755,0.99970144,@user 아니ㅋㅋㅋ 12월부터ㅋㅋㅋ
0.0061578653,0.0031443352,0.0025885717,0.0019440423,0.94082594,0.04533929,Such a jovial boy ! RT 120829 스카이페스티벌 index change 아침부터 눈호강 ~ 요섭이를 받아랏 URL - - 소년감성 ° 요뿌 ( @user ) @user
0.0012346185,0.93542993,0.0009974056,0.0019936517,0.046978515,0.013365963,@user 오옹 ㅋ 잘일어낙네
0.00068962626,0.0012802454,0.0012294909,0.001861114,0.98869854,0.0062409113,"@user 희망을 안고ㅜ . ㅜ ! 오늘도 열심히 ! 바쁘게 ! ㅎㅎ 평일 내내 ' 주말엔 푹 쉬어야지 ~ ' 라고 생각했었는데 , 막상 주말이 다가오니 어딘가 가고싶은 마음이 마구 드네요 ㅋㅋㅋ"
7.8024175e-05,9.250158e-05,6.400545e-05,0.0002010901,0.00011797095,0.99944645,@user 갠차나뿌빗뿌빗
7.020981e-05,0.0002755957,6.341174e-05,3.9319435e-05,0.0001182087,0.9994332,"RT @user : 스카이라이프 ( @user ) 와 친해지시면 뉴 맥북에어 ( 128GB ) 와 뉴 아이패드 2 ( 32GB ) 를 트친 선물 드립니다 ! ( 10/10 일 당첨자 발표 ) . 팔로잉 하시고 , 널리널리 이벤트 리트윗 ( RT ) 해주세요 ~ ( 자동응모 )"
5.3990032e-05,5.5151217e-05,3.5874542e-05,3.8127335e-05,0.00013671449,0.99968016,URL 이벤트 3000pt 쿠폰배포 ! 유료서비스 13개중 골라사용가능 ! [ DV12XV01XU01RO ] - 생성시간 : 2013.02 . 16-09 : 00 현재 미 사용중 ! 지금 입력하면 사용가능 ! & 임윤택딸 & 싸이장례비용
0.5063133,0.0019890296,0.0011949211,0.33268493,0.029527938,0.12828994,@user 왜냐면 전 오타내는 적이 극히 드물거든요 ! ! 
0.5128655,0.1091671,0.005470794,0.14924808,0.009673601,0.21357499,@user 부모님이 허락해줬으니까 별 수없지 .. 
0.00085418136,0.9854129,0.010479606,0.0013664796,0.0007426877,0.0011442107,@user 위로 고맙네 30대동지 ㅠㅠ 20대의 내가 지금의 나를 먹여살리고 있고만ㅠㅠ
0.9994949,8.139641e-05,0.00011669843,8.313442e-05,0.00011739284,0.00010657267,이쯤되면 진심 한마디 하고싶은데 ... 저기요 ... 댁들은 도면 안보세요 ? ?
0.07341876,0.0015111421,0.0023292457,0.46578297,0.4363725,0.02058534,""" @user : "" @user : 존능밖에 안남은 순간이랄까 ... ☆ "" 존 ( 잘님 ) 능 ( 욕 ) ...  "" ㅋㅋㅋ이분도 상태이상핰ㅋㅋㅋ"
0.00010958791,5.5499866e-05,6.452683e-05,6.192963e-05,0.0002533264,0.99945515,조경단로 사대부고사거리 → 금암광장 방향 교통량 많아 정체 #poltra
0.00057657924,0.0046531023,0.0003467743,0.00049636076,0.02692452,0.9670027,@user 음 ~ 특별히 믿어드릴게 ! 
0.00015019889,7.777887e-05,7.591896e-05,9.996409e-05,0.0009422663,0.9986539,위키피디아 ` 셧다운 ' 시위 .. 할리우드와 로비戰 URL
0.39329264,0.17795889,0.0019869704,0.0034965628,0.13571857,0.2875464,@user 응 ! !
0.00053829106,0.0076389755,0.00038705225,0.00035716654,0.9891794,0.0018990875,@user 2권에서는 활약이 별로 없어선지 삽화도 없었지만 3권에선 기대합니다 ... ! 작품 히로인인데 ! ! ! 
0.99818534,0.00031270567,0.0001060635,7.153697e-05,0.00081558083,0.00050878344,인형은 노예가 되지 않는다 ! !  pic.twitter.com/N6joRhCgKv
0.0015893709,0.00041676598,0.0005469463,0.9936108,0.0010632955,0.0027727645,@user 자기 ... 동안인거야 ? 아님 일을 일찍 시작한고야 ' ^ ' ? ?
0.00013437457,6.034171e-05,0.00010216947,0.0005743201,0.00022349964,0.9989053,@user 수업중이야 ? 원래 나도 수업인데 올해부터 바뀌어서 말이지
0.0004276313,0.0011395956,0.00032296026,0.00051674305,0.029914496,0.96767855,알송 안드로이드에서 #ClariS -  듣는 중 ! URL
0.00026589524,0.0003508455,0.0002079603,0.00021301805,0.9988109,0.00015140101,"@user 홈페이지에 공시되어 있을 겁니다 , 신쨩 . 무서워서 들어가지 못했지만 ."
0.0021539456,0.002016026,0.0001081387,0.00048241447,0.007435018,0.9878044,신성한거 보기전에 음복이네영 
0.0007857657,0.00071131374,0.002064633,0.9950517,0.0009281833,0.0004584583,"[ 속보 ] 엔더님 , 이러려고 무엇했나 자괴감들고 괴로워 ... "
0.99763787,0.00017773693,0.00017857981,0.0005899413,0.0012514064,0.0001644963,프사 바꿔따 ! 이 아이의 이름은 #바보요정_웽 입니다 ! 네이버와 다음 웹툰에서 보실수있어여 ! #벌들아_더_세게_울어_웽웽웽 
0.0005315978,0.9925492,0.0009350427,0.0006741556,0.004838544,0.0004714266,@user 손녀딸 . 오늘 생일이구나 ! 진심으로 생일 축하해 . 오늘 하루 멋진 일들만 가득하길 !
0.038545415,0.5787775,0.0017586671,0.29231408,0.08291438,0.0056900177,"헉 내가 사는곳 거리이름이 녹두거린데 루트님 별명이 녹두야 이거슨 내가 녹두님을 덕질하게 될거였던거임 , , ! ! "
0.0015653514,0.00025856605,0.00095676875,0.001158775,0.9955651,0.000495339,"@user 헐ㄹ수면부족이ㅣ면 일찍죽는ㄴ데 ! ! "" "
0.00040720726,0.00041773068,0.0006565759,0.00030490942,0.99781406,0.00039951174,@user 앗 그런 확실히 감기가 유행이긴 한가봐요 우린 유행의 선두주자 ..  병원 가야 빨리 낫는다니 월욜날 병원부터 가겠슴미다ㅠㅠㅠ탱님도 어여 나으세요 ! !
0.00022126062,0.00017141286,0.00023952787,0.00040754897,0.0060467804,0.99291354,이번 일로 대 결혼시대가 시작되고 ... 
0.9984267,0.0006577902,0.0002490886,0.00018761356,0.00033501504,0.00014378631,@user 걔는 툭하면 ㅏ와 ㅣ를 혼동하거든 ... 나를 미라로 만들 수도 있었는데 마리 ( Marie ) 로 만들어 줘서 그래도 감사하고 있어 ㅍㅍ 
0.00034252665,0.003652137,0.00038209607,0.00023560131,0.99491197,0.00047574352,이거 정말 기대가 되는쿤요 ! 
4.1903648e-05,5.3332133e-05,5.0495248e-05,5.406541e-05,0.00013053029,0.9996697,@user @user 키둑키둑 비밀 > <
0.0012137742,0.08401589,0.003954664,0.0025618426,0.818667,0.08958689,오늘 즐거웟어 > < 고마워 ~ ! 제가 생각하는 베스트는요 .. #같은공간 #다른시간 #합성  pic.twitter.com/J5sLakc6OP
5.3124128e-05,5.3887376e-05,3.9228173e-05,3.8960407e-05,5.6112724e-05,0.99975866,"@user 여흥이다 , 여흥 .  ."
4.4595945e-05,5.258471e-05,6.58329e-05,6.8492736e-05,4.467107e-05,0.99972385,작군
0.9855317,0.010225619,0.00034211233,0.00027202084,0.0033521464,0.00027638258,안철수 혼자서 여당과 야당 . 언론들과 주식 투기자들을 모조리 삐에로로 만들다니 한국은 참 대단한 나라다 . 주관없이 휩쓸리기로는 세계 어딜 내놔도 뒤지지 않아 !
0.00044360265,0.00014459182,0.0038608133,0.00067831215,0.0033634575,0.9915092,@user 아 . 날 애정하면 정상인이 됀다는 의학 결과가 있었는데 . 
0.9987294,0.00019603875,0.0001715234,0.00066190184,0.00016217933,7.8984514e-05,@user ㅋㅋㅋ 또 보상해주신다고 하면욬ㅋㅋㅋ   #글러먹은자 후후후 디디님에게라면 또 만들어 드릴수 있어요 ... 제 얼마없는 비워 공급처이시니 ... #이것도아님
0.00089739595,0.007078547,0.009252906,0.0011098839,0.9166722,0.06498895,엌ㅋㅋ 피로 회복제 키위님 ... ? 
0.0005533702,0.00017389425,0.00019503746,0.00028265585,0.9985661,0.00022901171,@user 그렇다면 ! ! 데이터저장만 조심하시면 될듯합니다 ... ! ! ! 사실 그정도면 지금 ... Doa 상태가 아닐까 싶습니다만 ... 
0.00017768328,0.00012178684,0.00019494175,0.00051176327,0.0028785244,0.9961153,... 도라에몬 ? 
0.0014977234,0.00017028797,0.0014843484,0.00086213346,0.9947542,0.001231283,@user 그러길 바래야죠 ... 서울 한복판에 청계천 위쪽에 있는 도로가 .. 무릎까지 잠기는 일은 한번이면 족합니다 ; ; ;
0.31707314,0.0007713326,0.06431106,0.11116364,0.35216683,0.15451403,' 나를 여태껏 겪어 보고도 몰라 ? ' 라는 말을 나름 친분이 있다 생각하는 사람들사이에서 종종 들을 수 있는데요 사람은 진짜 아무리 겪어봐도 알수 없는 것같습니다 우리 엄마도 저말 가끔 쓰셨는데 40 이된 지금도 알수없다니까요 하물며 ...
0.97755116,0.0017672817,0.00036572004,0.01630216,0.0032600174,0.000753694,사실 내가 쿠르피랑 대화를 못잇는 이유가 있어 ! 너무 조신해서 그래 ! 막 이케이케 ! ! ( u . u * 
0.99924386,0.00012662717,0.00011344078,0.00020510699,0.00023373278,7.728784e-05,@user 선배 에이스잖아요 ... 8ㅁ8 ... 흑흑 돈이 없으면 한 부분 팔아서라도 사란 말이야 ! ! ! ! ! ! ! ! ! 
6.4486776e-05,6.27889e-05,6.194705e-05,7.1426664e-05,0.000409163,0.99933016,@user 다음 올림픽 때 ㅋㅋ
0.7821496,0.062978774,0.0017511367,0.002100835,0.1455923,0.0054272963,@user 지워나 ! ! 나수미니야ㅎㅎ ! ! ! ! ! ! ! !
4.2094252e-05,4.307047e-05,4.9023223e-05,3.7351532e-05,4.359006e-05,0.9997849,일산로 원주교 5방향 원동4에서 문화원 구간 소통원활 . #poltra
4.3276097e-05,4.6344067e-05,7.1530216e-05,7.543045e-05,5.8465004e-05,0.9997049,@user 오메ㅠㅠㅠ영서야ㅜㅜㅜ힝힝 ㅜㅜㅜ얼마만이야ㅜㅜㅜ
0.00050062826,0.00044856002,0.0004883678,0.0030603653,0.993913,0.0015890683,오늘은 일찍 일어나기 성공 ! 하도 오랜만이라 아침이 낯설어서 적응이 안 된다 ?
0.00043047784,0.005345018,0.0017950619,0.0003248404,0.9916054,0.0004992171,일요일 아침 회사가는 기분은 상쾌하구나아 
0.0011512021,0.99163014,0.0003678826,0.0005076252,0.0056032976,0.0007399041,@user 파이팅 ! ! !
5.5265096e-05,3.6530713e-05,4.1365325e-05,4.987013e-05,4.2441123e-05,0.9997745,인용으로 사진을 올릴 수 없으니 다른 곳에 이미지를 올린 다음에 해당 링크의 주소를 인용트윗의 내용으로 ... 
0.0006952046,7.332786e-05,5.8103942e-05,0.00022491819,0.0008209852,0.9981275,@user 인증샷은 불가예효 ... ㅎ
0.00095443777,0.9940976,0.00046181795,0.00029727386,0.0037200525,0.00046885014,@user 네 도치님돔 금요일의 향기 만끽하시길 ! ! !
0.48768204,0.3366457,0.002710333,0.014607805,0.004804059,0.15355004,@user 그래야 형님답지 .  아무튼 My Honey는 옛날성격이 어땠어 ?
0.5184296,0.09468274,0.0036466615,0.23210344,0.07294096,0.07819658,... 노래를 잘 하면 뭐하냐 ..  URL …
0.0020397545,0.00051860785,0.00052775635,0.0001572662,0.99624914,0.0005074453,@user ㅋㅋㅋ와장창 ! ! 다섯이서 불쬐고있다가 단체로 자유낙하를 .. 
0.0021719532,0.7360549,0.010488161,0.0006148057,0.24833548,0.0023346508,한국은 끊길 노벨상 이력대도 없으니 남 걱정 할 여유가 있는 것입니다 . 여유로운 청빈사상을 지닌 대한민국 과학계 파이팅 ! #Sarcasm
9.302059e-05,0.0002943282,7.790089e-05,0.000110401925,0.00020939956,0.9992149,어흥
5.2950378e-05,0.00016273183,4.1625644e-05,4.0227933e-05,0.00013924223,0.99956316,삼육중학교 독도현지에서 진행한 독도는 우리땅 플래시몹 주소 URL ? desktop_uri = % 2Fwatch % 3Fv % 3D54vT - VjdPdc & v = 54vT - VjdPdc & gl = KR … 이글 많이많이 알려주세요 ^ ^
0.0012638669,0.81366515,0.16707496,0.0012829879,0.009422852,0.0072901277,@user @user 언니 진정하고 ... 브런을 ... 구글에 검색을 ... 
0.00033893704,0.0013081408,0.00030277096,0.00035985195,0.017657157,0.9800331,"황우슬혜 , 춘리로 완벽한 변신 셀카 ' 광채 피부 ' URL"
0.00017429021,0.00079454656,7.1675575e-05,0.000101173755,0.00013716081,0.9987212,균형 2 by 조남준 #fairness #power  pic.twitter.com/YjsZob7tSB
0.006742412,0.88054454,0.079591945,0.025681851,0.005244777,0.0021944945,@user 자닌한 애정이군요 ... 
0.0047209994,0.008290121,0.0010950132,0.0006732115,0.9547074,0.030513233,"태로로님 넘나 태로로님이셔서 들어오실 때 "" 혹시 태로로님 아니세요 ? "" 했는데 맞으셨다 ㅋㅋㅋ 한번인가 더 들어오시더니 그다음엔 바니보이 (  ) 가 되셨다 두둥"
0.00041990972,0.00045232676,0.00021589687,0.00033077438,0.9983119,0.0002691522,@user 헐 .. 얼마나 먹었길래 .. ㄷㄷ
0.007150042,0.95559776,0.0007116398,0.0014462578,0.03233561,0.0027585907,@user 그렇군 부러진 왼팔을 대가로 원고를 하는 능력을 ... ! 
0.106638454,0.351274,0.0023246426,0.0013029526,0.5084064,0.03005358,그렇구나ㅠㅠㅠ 간단하게 설명하면 쿠네쿠네는 꾸물꾸물거리는 귀신이고 팔척귀신은 짱크고 집착 쩌는 귀신이야 
0.8683678,0.00069672073,0.00047906386,0.010192983,0.09878939,0.02147419,그래서 그냥 싹 갈아엎어버릴까 생각중이야 
0.001009249,0.9941941,0.00034300462,0.0006583701,0.0033413435,0.00045391958,"폴로 원피스 ~ 단독 초특가 ! ! 36,800 원 ! ! [ POLO ] Ralph Lauren Amanda Big Pony Dress / 멋진 S라인의 핏을 살려주는 센스 있는 여성의 멋진선택 ! ! URL"
4.439919e-05,4.7562244e-05,3.919874e-05,3.8120004e-05,8.8296394e-05,0.99974245,"[ @user GS25보라매타운점 , 서울 관악구 봉천동 729-24 우성캐릭터그린빌 104호 ] URL"
0.00030007647,0.00048367484,0.0010062659,0.00017299286,0.9974644,0.0005725924,빨리 시험기간 왔으면 좋겠다 
0.96934444,0.015634611,0.0019726234,0.008814744,0.002274817,0.0019587923,남편자랑을하자면 밤새도록해도 모자를거야 ... 후후 부러우면 시집가면되지 ?
0.09387494,0.0018223029,0.002138072,0.6504566,0.013638638,0.23806939,@user 어머 .. 즈이카쿠양 고백인가요 .. / / / 
0.00019668635,0.00062318885,6.681394e-05,0.00011347672,0.000121640274,0.9988782,@user 코이시의 두근두근 대모험 말씀이시군요 . 
0.00086243683,0.9802321,0.0005267111,0.00070473464,0.016297814,0.0013761468,@user 좋아 천생연분이네여 ! 
6.605284e-05,4.4153014e-05,8.1883605e-05,7.9954356e-05,5.80252e-05,0.9996699,@user 그냥 노래듣고있어 .. 
0.0047325804,0.0003351659,0.00037541418,0.0050917407,0.98766756,0.0017975203,나중에 씨피알 한 게 소송 걸리면 “ 짠 ! 실은 쇼피알이었지 ! ” 
0.0013352092,0.00056395284,0.0006179791,0.99128,0.004523822,0.0016790775,@user 으헉 ... 나 낚임
0.99928087,0.00014873827,0.000108586406,0.00018263671,0.00022365853,5.5403416e-05,@user 흥잌ㅋㅋㅋ 너이자식T_T ... 토스를 버리다니 ! ! ! ! ! 너 벌받을거야 ㅜㅜㅜ
0.021172687,0.17259206,0.0019423277,0.0006767836,0.0018627789,0.80175334,여러분 지금 마이너 커플링에 빠진 분에게 커플링의 마이너도를 논파고 최애캐와 관련된 커플링을 추천해 드릴 때가 아닙니다 ... 황립을 파세요 
0.0010317869,0.9288674,0.0024914786,0.0009976987,0.059260376,0.0073512117,@user ㅋㅋ 감기조심하시고 오늘도 수고하세요 ~
0.00071661064,0.00030783558,0.0010685383,0.00021429561,0.9972518,0.00044090004,오늘 아침부터 일이안풀린다 ㅠ 오늘은정말조용히있어야지 ! !
0.7986834,0.0008293279,0.01155057,0.1712612,0.015820712,0.0018547855,내적 욕으로 몸부림치는 현장이었습니다 숭늉 한잔 마시고 진정해야겠어요 ... 
0.10927141,0.0013165992,0.0023342378,0.041051958,0.3985569,0.447469,너무 많이먹다보니 자극되서  RT @user : RT @user : RT @user : 우리가 북한을 자극해서 ... URL
0.00026342206,0.0013631617,0.00066625734,0.00017926208,0.99688977,0.0006381344,[ y ] 오늘 너무 일찍 출근해서 문간에서 20분 기다렸음 ! 그래도 비가 와서 비구경하니 좋더군요 .
0.0028484836,0.00063077715,0.00027884595,0.00032818972,0.9947966,0.0011170972,현재 내 트위터의 팔로잉 33과 팔로워 3은 사실 지민이의 전설의 #불타오르네 #3분33초 를 노린것이다 
0.9650088,0.0014388168,0.0031004776,0.0037142239,0.01189018,0.014847475,@user 개한테 많이 물려봤나보군 
0.0012383978,0.9934303,0.00033178384,0.00050932425,0.0034888748,0.0010013239,@user 저짜어데 사는 예쁜누나 굿모닝 ~ ^ ^ *
3.9629063e-05,4.4044744e-05,4.3569155e-05,3.744694e-05,5.52526e-05,0.9997801,치악로 효성백년가약 4거리에서 치악교 4거리구간 소통원활 #poltra
0.0016603536,0.90796775,0.0010133488,0.0009511927,0.079871126,0.008536203,@user 선물을 주겠긔 ! URL
0.0011272565,0.0002525656,0.00051984814,0.00038022257,0.9923757,0.0053444053,왜 오늘은 제시간에 나왔는데 버스도 십분 더 걸리고 지하철도 역마다 정차하냐 ㅡㅡ 삼십분도 더 늦겠네
0.0007107722,0.9968201,0.00079461635,0.00038594662,0.00079655106,0.0004920751,@user 예압응원응원아자아자 ! ! ㅋㅋ뷰티들이 비스트오빠들목표 .. 이루어줄수잇도록응원해주세요 오빠두 ! !
0.99942976,0.00014744647,9.460118e-05,0.00010827249,0.00014682989,7.2997835e-05,@user @user @user @user 나 힐 안신어 잘 ㅋㅋㅋ ^ ^ ... 그리고 아무리 이뻐도 니 발은 혐짤 ..
4.6080047e-05,3.615671e-05,3.779295e-05,4.8815215e-05,4.112453e-05,0.99979,@user 그냥 나왔어 . 
0.835907,0.00035985885,0.0015047465,0.0073590684,0.03834031,0.116529025,@user ㅎㅎ 그건 아무도 ... 근데 구속시키는게 당연할듯도 한데 ... ㅋ
0.0006794732,0.9955468,0.00058910804,0.0005775194,0.0023259346,0.0002811733,RT @user : 사랑하는 우리동해 ! 생일축하해 ! 중학교 3학년때땅꼬마였는데 지금은 너무멋진동생이된 동해야 사랑한다 ! URL 형 중학교 2학년때야 ㅎㅎ
0.44978082,0.017629394,0.0018246014,0.010071396,0.47149563,0.049198136,이제 김영란법 조심하셔야 .. #헛소리  / / 부럽다 ... 조교들은 말나오는데 ...
0.0007362701,0.9973974,0.00047374333,0.0006120845,0.00048750092,0.00029307057,@user 매우고맙네 정말 
0.00028600666,0.00031366094,0.00025388467,0.0002862345,0.0124269705,0.98643327,현재 게임 시간은 2407년 2월 26일이야 . @user @user 리셋이 필요해 !
0.786749,0.0021933008,0.0013585942,0.0045711137,0.20457543,0.0005525251,@user 위장술 ... ? ! 닌자처럼 쥐도새도 모르게 죽여버리는건가 ? !  여보는 보정안해두 이쁜걸 ... ㅠㅠㅠ 크크큭 .. 얼마나 들어가나 보자구 ... 나는 ... 지우개똥으로 콧구멍을 막아주지 ... ( ? )
0.00026933168,0.00034372308,0.00017937833,0.00035531123,0.9981529,0.0006993244,@user 놀라진 않았어 . 워낙 강심장이다보니 . 
0.23664568,0.0008050239,0.00064191007,0.0015953433,0.04066389,0.7196481,"3 . 기분풀이를 할 때에는 , 주변의 어린아이들이 보지 못하도록 연막을 친다 . #벨_규율"
0.011190513,0.1853272,0.0024156286,0.005919572,0.78637844,0.00876859,@user 예이 ! ! ! 인생은 끝내줘요 ! ! !  pic.twitter.com/TCoigGcgWF
0.6094426,0.0009949227,0.0449343,0.07703862,0.015758397,0.25183114,@user ( ( 아 맞다 ) ) 새엄마야 .. ( 스윽  근데 그 아들이랑 비슷한 나이 아니예요 ... ? ㅋㅋㅋ
0.0031205588,0.00012858718,7.019511e-05,0.00017902379,0.0012113386,0.9952903,양갱어디로 안사라지나
0.9409057,0.00096040947,0.00030432417,0.0018771115,0.0012848156,0.054667737,Retweeted 모토패밀리 ( 제작중 ) ( @user ): #쓰리몬찌 #삥뜯는거  URL URL
0.00076246756,0.0012094983,0.00066100317,0.0010647828,0.076521,0.9197812,"올 한해를 되돌아볼수 있는 키워드들이군요 . 내년의 키워드는 new era , election 등이 되지 않을까 ... URL"
9.399606e-05,0.00011223387,0.00017359466,0.00013190813,0.0014154701,0.99807274,머리숲 ... 뛰염뛰염 ...
0.9994517,0.00015935209,7.612859e-05,6.999957e-05,0.00018038574,6.241455e-05,어머 구글 북한에 유용한 기술 제공하다니 종북 구글 OUT ! #방금RT 
0.0006323695,0.04548919,0.0137257585,0.0005815702,0.93652886,0.0030423203,내 머리를 먹고 힘을내렴 ! 
0.0007416462,0.0012595023,0.0005241194,0.00097372057,0.072034046,0.924467,"RT @user : ★ 이벤트는 계속된다 ★ 10월 한달 내 캐치온 트위터 팔로워 수가 "" 2만명 "" 을 돌파하면 , 팔로워 5분께 막귀 ^ ^ 도 느낄 수 있는 음질의 차이 - 럭셔리 "" 젠하이저 "" 이어폰을 드립니다 ! ... URL"
5.0136565e-05,3.829044e-05,5.307712e-05,3.546322e-05,3.9815757e-05,0.9997832,그리고 나는 니시무라 준 . 해상보안청에서 파견된 조리담당 . 약 1년동안 8명의 관측대원들이 여기서 생활하기로 되었다 .
7.6990145e-05,0.0001735314,6.710775e-05,0.00015692692,0.00013076945,0.99939466,@user 전 말했슴다만 하하하
0.020618724,0.0021787055,0.00090406253,0.029133333,0.69481885,0.25234628,"@user ... 굴삭기 말하는 겁니까 ? 이런 , 별명이 생겨버렸군요 . "
0.0043433798,0.010895653,0.0009529254,0.0011669035,0.97462285,0.008018359,@user 좋은 걸 배웠습니다 . ( 학생 연구실로 간다 )  #좋지_않음 #학생에게_평화를
0.001417513,0.0016911044,0.0010496842,0.0016338292,0.35827672,0.63593113,집가는 길에 귀요미가 인스타에 올린 곳을 지나가며 사진 찍어올려볼 ... @user 
0.00036299892,0.00048572494,0.0003097929,0.0003079598,0.996231,0.0023024674,RT @user :[ 한국철도시설공단 ★ 7월 퀴즈경품이벤트 ★ ] 10명에게 1만원 문화상품권 증정 ! 블로그 이웃이 되면 이벤트 당첨 확률이 높아져요 . 트위터 팔로우하고 RT 해주세요 ~ ☞ URL
0.012222345,0.0010667256,0.0011313868,0.002082968,0.0046714526,0.97882515,@user 그러니까 .. 숙소가 W 인줄만알았다면 바로 올라가서 기다렸을텐데ㅠ
0.002174606,0.00033309314,0.014591471,0.003691556,0.9782989,0.0009103134,"우연한 기회에 그 애가 불러줬던 노래 .. 어디서 그 노래랑 비슷한 멜로디가 들리기만 해도 가슴이 두근두근 , 머릿속에서 목소리랑 노래부르던 모습이 계속 떠나질않아 . 그때 분명히 대회준비하는 아이들 다 같이 있었는데 너밖에 안보였었어 난 ."
0.0011429206,0.00060184445,0.0012843733,0.0013576455,0.9470191,0.048594087,@user 항상 최악의 상황에 대비하지 
0.000885004,0.019197965,0.00070341583,0.00056592684,0.9574712,0.021176506,@user 사무실에 ? ? ? ㅎㅎ 꽃천진구낭
0.12437665,0.0006338105,0.00038171606,0.00083992834,0.015047882,0.85872,어차피 이어폰만 끼고 듣는걸요 ! 
0.0012978656,0.98008794,0.0010899456,0.00044516785,0.013780423,0.0032986877,@user 그래도 이런 매력에 꽃힌 남자들도 의외로 있던데 ? 
0.0014359261,0.89447695,0.0009546674,0.0014352018,0.08371534,0.017981939,사퍼가 이렇게 멋진 게임입니다 .  #만우절_이벤트pic .twitter.com/VCzK9Z4Gjg
0.99374866,0.00027202794,0.00034114954,0.00035402525,0.005168913,0.000115290924,@user 헐 ! ! 모기한테 얼마나 피를 빨렸길래 ! ! / / 난 하도 피곤해서 모기가 날라다녀도 걍 즐잠 ; - _ - ;
0.00053687626,0.9915622,0.005016828,0.0004884933,0.0017135009,0.0006821767,@user ㅠㅁㅠ 보살핌받구있다 넘 좋아 ... ! ! ㅠㅁㅠ 
0.0019817464,0.001226656,0.013884101,0.89750195,0.03647463,0.048931006,아아아앙자고는싶은데 ... 놀고싶어ㅜ
0.0021937245,0.085649416,0.0028166906,0.00067850726,0.35340658,0.5552551,오늘아침 별로 춥진 않지만 코트장착 ! 내 도시락 싸고 탐탐냥이들 사료챙기고 진흥원으로 고고씽 ~
0.00029259216,0.00043785523,0.00026448732,0.0001822914,0.0090041105,0.98981863,@user #옆에있다 . 뭐해 ? 
0.00081152475,0.99582976,0.0006310816,0.00042444424,0.0019216962,0.00038151612,"RT @user RT @user : ‘ 닥터진 ’ 김재중 지금보다 앞으로가 더 기대되는 이유 URL 열심히 하는 모습에서 항상 감동받아요 .. 닥터진도 김재중도 으라차차 ! """
9.691646e-05,4.884936e-05,4.113348e-05,6.446265e-05,0.00020244253,0.9995461,역시 저 셋 중에 고르라면 답은 운동 아닐까 ? 
0.0009502818,0.03190569,0.0005462471,0.00064249197,0.95977354,0.0061817477,"노래에 술 , 담배가 들어가서 19금먹이면 성경은 금서겠네 . 올ㅋ 존나좋군 ."
4.26981e-05,6.28933e-05,4.1478932e-05,3.7358335e-05,4.687336e-05,0.9997687,데블스링거와 크리스몬드  pic.twitter.com/U87XN1Ot5o
0.001643576,0.00041541862,0.00043728072,0.00175386,0.995572,0.00017789657,머리 싹뚝 자른거보구 사람들이 놀랜다 . 왜 잘랏어 ? ? ? ? ? ... 머리가 상해서욤 ..
0.0009052491,0.0052817976,0.0023337689,0.0039413422,0.3688356,0.61870223,@user 잤습니다 ... 아주푹푸우욱
0.00026599425,0.001123699,0.0011991473,0.000105145344,0.00020494351,0.997101,헐 그거 나 줘 
0.048748627,0.8986217,0.00069888047,0.0028550415,0.04701265,0.0020631105,★ 내가바로뒷골목의숲속조사병단짱이다 ! ! ! ! ! 
0.74400955,0.054455526,0.008022397,0.17595358,0.002191633,0.0153673515,@user 사실 그 키 내가 다 빨아가고있어 
0.0039271615,0.00080668885,0.003638035,0.79503,0.14692274,0.049675398,@user 응 . 쉬고 공공의적이되고 좀 더 빠지면 나의 갈굼에 퇴사를 하겠지 .
0.0015613927,0.002841858,0.0018320788,0.2104376,0.0030355083,0.78029156,세상에 ... 잘머글게 
0.2616496,0.0066780164,0.0016331646,0.0017287023,0.54069346,0.18761703,아 아씨엔에 최ㅈㅎ 묻엇어 ! 
0.04827971,0.0004977391,0.0015799497,0.002928041,0.91809535,0.02861925,친구들 ! 미래는없다 . 현재에답하라 .
0.00028429955,0.00013416276,0.00010799833,0.0003455276,0.00349251,0.99563545,"직설적 두더지 , 뭔가 직관된 비현실 상상화 ( 출처 : 중고나라 | 네이버 카페 ) URL #직선 #직관 #직설 #딱딱한 #성격 #두더지 #비현실 #작품  #냉철"
0.00034738504,0.0010512493,0.00025476763,0.00060947746,0.9954472,0.0022898822,오 ~ 11시 넘어서 퇴근 핵꿀잼인데 ~ ~ ^ ㅁ ^  #iHeartAwards #BestFanArmy #BTSARMY @user
0.9990107,0.00011995766,0.00011254609,0.00016371769,0.00034166727,0.00025136065,"@user 그래 , 너같은 변태 새끼는 평범한 키스보다 이쪽을 좋아하겠지 .  흐음 ... #담배를_들고_입술을_만지작거린다"
0.00049484835,0.00029360456,0.00024993578,0.0004818438,0.019344583,0.9791352,첫 강의니까 1교시만 할텐데 그다음 수업은 4시에나 있네 ^ ^ 그때까지 뭐하지 집갔다와야되나
4.823737e-05,4.7831687e-05,3.9216553e-05,4.324761e-05,5.7700097e-05,0.9997638,엑스컴 2 서울맵 이더리얼 근거지  pic.twitter.com/mXsb4zr8ft
0.0006857103,0.9789024,0.0030709403,0.00072669255,0.014311787,0.0023026178,@user 보내주신 의견을 전달하도록 하겠습니다 오늘 하루도 행복하세요
0.0016000565,0.0005261425,0.0006188533,0.99528015,0.0012504908,0.0007243866,제 투고텀이 일년인건 제가 게을러서가 아니라 믹싱이 존나 어려워서임 ! ! 
0.9943936,0.0016606988,0.00016861457,0.0003269402,0.0025462203,0.0009039902,"문재인이 <국제시장> 을 관람하느냐 마느냐에 대한 내 입장 ( URL … ) 은 이 정도로 정리했지만 윤제균 감독 영화는 정말 취향이 아님 ㅡ_ㅡ ; <해운대> 의 "" 내가 니 아빠야 "" 는 정말 한국영화사에 기리 남을 명대사 "
0.60222197,0.00071570923,0.0070732003,0.098762214,0.061942015,0.22928493,이게 다 로쏘 엉덩이때문이야 ): 3 
0.9994942,6.7181936e-05,8.3472e-05,0.00011596037,0.00017705468,6.2072075e-05,"@user ... ... 당신 , 사람 부리는게 험하네 . "
0.539764,0.0062954198,0.0018534889,0.00061766495,0.42941323,0.022056151,우선순위를 정하자 ! ! 그리고 집중하자 ! ! !
0.010839095,0.00026602347,0.00019911131,0.001153781,0.0016832656,0.98585874,마 ( 주 ) 작 ...  #무슨소리지
0.005514949,0.0009866353,0.0020744645,0.20443399,0.2103327,0.5766572,"@user 넵 .. 부탁해요 , , 히히 .. 안그러면 일욜날이라도 백화점 한번 가야하나해서요 ... 리복에 전화해봐야하나 ? ? 인터넷매장은 안보이더라고요 ..."
4.1283714e-05,5.0808078e-05,4.0835603e-05,3.9192793e-05,4.2696567e-05,0.99978524,@user 수동RT기능을 써보셔요 ~ 리트윗말구요 ~
0.0016323546,0.9339951,0.0017012282,0.0011824708,0.02136008,0.040128835,자단 참 착해 
0.09246884,0.027421514,0.091906294,0.0028903584,0.7749391,0.010373906,@user 앗 희님 애인이라니 설마 소우다 말씀하시는거에요 ! ? 
0.0012721845,6.794117e-05,0.00013265027,0.00012668145,7.366186e-05,0.99832684,"@user 멍충이 투표소배경사진은 상관없으 투표용지 , 투표소안만아님돼"
0.26711357,0.07160297,0.0022838984,0.008025725,0.4345244,0.21644941,죠이가 결혼한다고 하면 스팁 : 크흠 정말 ... 적합한 사람인가 ? .. 큼 #방패를_착용한다 #크릉 토니 : 안돼 안돼 안돼 안돼 안돼 임마 너 나보다 돈 많아 ? 
0.92357224,0.00022666514,0.0032779924,0.003625131,0.032215428,0.03708259,@user 치우라고 했을텐데 ? 
8.346308e-05,0.00045451612,9.529065e-05,5.5641627e-05,0.00030582387,0.99900526,은밀한만남하실분 → URL #행복공감 #중년에세이 #보험료 #소개팅어플후기 #반어 #일산룸살롱실아 #철망가판대 #인터렉트오마케 #은밀한만남채팅어플 #애슐리퀸즈부산 #러브앤조이만남채팅
0.004898432,0.00033875302,0.9554332,0.026166145,0.00993888,0.0032246623,빨리 시간이 좀 갔으면 좋겠어요 . 사실 저한테는 슬픈일입니다 . 나이가 더 들어간다는 것이니까요 . 중간세대한테 나이들어가는 것 보다 더 슬픈일이 어디 있겠습니까 ? 그런데도 이런 세상에 사는것보다는 차라리 나이가 빨리 들어가는 것이 낫습니다 .
0.0035847928,0.00046844085,0.0032773144,0.878985,0.012652568,0.101031974,알고있으나 ... 아는척 할수없는 ... 말걸고 싶으나 말걸수없는 ... 불편한 현실 .. 
0.9962937,0.001610805,0.00059861934,0.00053172134,0.0007341232,0.0002309475,@user 때꾸라의 입안으로 다시마 평생분을 전부 털어주고싶네 ~ 
0.0008060848,0.083536536,0.0034434055,0.0006759181,0.9083827,0.0031553416,초콜릿의 ' 페닐에틸아민'이라는 성분은 정신력과 집중력을 높여주고 우울증을 예방하는 효과가 있다고 하네요 . 오늘은 달달한 초콜릿으로 기분 좋은 아침을 맞이해 보세요 ^ ^
0.004833986,0.09705041,0.15599076,0.7085598,0.005127193,0.028437776,@user 으읏 ... 그 분의 힘이 느껴지는군요 . 하지만 제겐 가볍군요 . 
4.459438e-05,4.8081965e-05,3.7127305e-05,3.372986e-05,5.9881273e-05,0.99977654,@user - URL 식품 인증마크 확인하고 옥션 하세요
4.4389508e-05,5.2006733e-05,4.820803e-05,3.796626e-05,4.6062934e-05,0.9997714,긴토키입니다 
9.330131e-05,0.00012586593,0.00024090978,0.00061185315,0.0002489986,0.9986791,@user 아구 ㅠㅠㅠ
6.9977716e-05,8.905773e-05,0.00020547207,0.00016410432,7.430961e-05,0.99939704,뺩뺘뺩
0.0006659693,0.00052490557,0.00042773492,0.0007846542,0.9829759,0.014620883,@user . 한방이면 끝나얘 ~ 
0.99878055,7.709884e-05,6.401003e-05,0.00016697863,0.0005882785,0.00032301934,"@user @user 앗 ! ㅋㅋ 쉿쉿 ! ! 이건 .. 비밀거래라구요 .  . ㅋㅋㅋ / 목요일날 일띡 끝내고 , 암거래를 ... ㅋㅋㅋ"
0.000998933,0.9669483,0.011323685,0.00079197204,0.01864748,0.0012896269,@user @user @user 모두 칷안에서 행복하소서 ~ ~ ~ ! ! ! ! ! ^ ^
0.0033474183,0.59029263,0.004884654,0.0006428611,0.394692,0.0061404104,이번 보궐선거는 민주세력의 승리를 위해서 반드시 참여해야 합니다 진정한 시민의 승리를 위해서 꼭 참여해야합니다 . 그래야 우리아이들의 미래가 선진화된 미래가 보장됩니다 . 우리 아이들에게 깨끗한 민주주의를 물려줘야 합니다 .
0.00095540826,0.0011429191,0.0009058244,0.024617566,0.96850854,0.0038697377,헐 .. 단지 4박5일였는데 .. 다녀와보니 집앞에 그 맛나던 양고기집이 없어졌다 .. 어흑 .. 나탈리 ~ 장사 완전 잘됐었는데 ..
0.07501782,0.18049678,0.0027848885,0.70607483,0.007249718,0.028376024,@user 전 인지도 제일 최하위라구요
0.099634886,0.0009466587,0.00063476706,0.003491835,0.0020633573,0.8932285,저는 이걸 반대 했습니다 
0.0007343001,0.99697673,0.00035056498,0.0006183583,0.0007334267,0.0005866085,@user @user @user @user @user @user @user @user @user @user 선팔감사합니다 . ^ ^
0.0022178192,0.0004566605,0.00069822086,0.0006859645,0.9957451,0.00019621309,수강신청두근두근떨린다떨린다이게뭐라고진짜시간이다가올수록더막긴장되고시계를무슨 1초단위로체크하고으아악어쨌든성공기원 !
0.73946923,0.0011310054,0.00054357183,0.0033448816,0.022730373,0.23278096,"필독 권합니다 “ @user : 내가 꿈꾸는 그곳 :: 홍준표 , 여성기자 한테 발끈한 이유 URL ”"
0.0009630556,0.9700085,0.0010428687,0.002446473,0.023179917,0.0023592424,@user 축하한다 . 
0.9995988,9.084028e-05,7.272693e-05,8.610392e-05,7.689029e-05,7.474199e-05,여야 대선후보 선출공직 모두 사퇴해라 . 특권쥐고 또 쥐고는 1 % 자인 표방이다 .
0.005738844,0.015672319,0.0027563309,0.0012764577,0.6688345,0.30572155,마침 들어오는 검수건이 차고 넘칠때 다른 것들이 뜨음해지니 얼매나 좋니 
0.014055556,0.00039168182,0.0006286018,0.97905904,0.004112849,0.0017523854,"글쎄 ...  난 천것에 창녀라서 . 마실 피가 없으면 당연히 버리겠지 . ... 흐흥 , 왜 ... 내가 네게 재미붙일 게 더 있나 보지 ? 마지막의 마지막이라 ... 그게 뭘까 ? 얼마나 더 추잡해지려고 ."
0.0005861362,0.00074211555,8.291492e-05,0.00015456414,0.0034721792,0.9949621,ㅋㅋㅋ뭐냨ㅋㅋㅋ
0.0007548176,0.99300176,0.00034100286,0.0005372418,0.004465219,0.00090000767,@user 오 ! ! 감사합니다 썬크림듬북 발라야돼요 ! ! ㅎㄹ
0.0008434213,0.92300373,0.0095799975,0.00086467416,0.008043398,0.057664823,@user 으에에ㅔ에에엥 ㅠㅜㅠㅠㅜㅠㅠㅜㅜㅜㅠㅜ흐규흐규 울이 신비하신 톰규님 ㅠㅠㅜㅠㅜㅠ 
0.05389941,0.00026733338,0.00032960714,0.0011256874,0.0047861584,0.9395918,장난치 ...
0.9988825,0.00014413429,8.862977e-05,0.0004051008,0.00032271174,0.00015704347,이걸 나진이 ! 
0.007765658,0.000834804,0.0020530294,0.022425808,0.9563809,0.0105398325,이런 ' 웃음'이 아닐텐데 ... #웃는사진릴레이  pic.twitter.com/0Df954Wh2a
4.3083135e-05,3.5145058e-05,4.4039673e-05,4.0950603e-05,3.449133e-05,0.9998023,표주박이 . 
0.011731042,0.013905094,0.0039223046,0.00059483916,0.9687308,0.0011158607,@user 그리고 좋은 예가 하나 더 있잖아 ㅋㅋㅋ 페러사이트 이브 ㅋㅋㅋ 그거 덕분에 자네가 쌍둥이 빌딩 구조를 알고 있었던거 ㅋㅋㅋ 저 모퉁이를 돌면 악어가 .. ! ! 
0.9635372,0.0005192448,0.00035309655,0.00785586,0.023700424,0.0040340624,근데 셸스크립트하고 C 를 동시에 잘 하는 인간을 구하기도 힘들었을거야 . 두 언어를 섞어서 프로그램을 짜다니 
0.00074427907,0.0004199676,0.0004255026,0.00065138255,0.98660034,0.011158498,""" 靑 , 최구식에게 비서 체포 미리 알려줘 "" : 청와대가 최구식 한나라당 의원 비서가 체포된 사실을 경찰이 언론에 발표하기 하루 전에 최 의원에게 미리 알려준 것으로 확인돼 파문이 확산되고 있다 . 29일 ... URL"
4.9012175e-05,9.130389e-05,4.0780076e-05,3.632455e-05,0.000114397386,0.99966824,2011-10- 04 런치팅에 초대합니다 . 지금 신청하세요 . ( URL ) #lunchting
0.00236538,0.9951939,0.00048939325,0.00055689237,0.0010469633,0.00034743428,@user 네 책 좋아하시는 분 같아서요 ! ^ ^ 반갑습니다 .
0.0029672433,0.00096433854,0.005200609,0.086467,0.6612931,0.2431077,@user 아 ... 아닐꺼야 ... ㅠㅠ
4.4523138e-05,7.4888834e-05,3.8874052e-05,4.69409e-05,0.00011304005,0.9996817,"카라 , ‘ Electric Boy ’ 로 오리콘핫샷 URL"
4.9750215e-05,7.20965e-05,6.4198124e-05,8.288924e-05,0.00010173541,0.99962926,@user 흐응 ? 
0.40101415,0.0012718468,0.0017361619,0.35439697,0.2254944,0.0160864,@user 앗 .. 진짜 ? ? 이 .. 이럴수가 ... 자판바꾸면안돼 ? ? !
0.00037231878,0.00015117967,7.290798e-05,4.3648837e-05,0.00010602142,0.9992539,# 온 당주라인어디갔어
0.0014729577,0.9860427,0.00035911734,0.0006502546,0.008919093,0.0025559063,@user #개그당 좋은아침 !
0.00011974863,0.0009319645,0.00012703898,0.00015609217,0.00064744015,0.99801767,@user 헤헤헤 
0.00010880487,4.1173796e-05,4.3658983e-05,4.0634848e-05,4.0188144e-05,0.9997255,"자캐봇 , 타장르봇은 팔로우하지 않아요 ."
0.0032245761,0.0049666753,0.0031124947,0.0014602416,0.62596816,0.36126786,리오가 릴리 울렸다 
0.0008810088,0.9950683,0.0002823144,0.0007230416,0.0012010377,0.0018443196,존잘이네 #알티 
0.0020452281,0.006359552,0.9209235,0.0007832699,0.061742246,0.008146229,@user ... 이걸로 제독의 영혼은 이제 제 곁에 계속 .. 
0.0013344217,0.9897349,0.0005118311,0.00059130066,0.0062278104,0.0015997933,다들 마무리 잘하고 새해엔 복 많이 받 지마 나만 받을꺼야 다 내꺼  #빠이2014 #하이2015 #반오십컴온커몬 URL
0.9995733,7.894811e-05,7.241827e-05,5.782995e-05,0.000116193725,0.00010129949,약국은 일반의약품 판권은 슈퍼에 뺏기고 전문의약품 판권은 의사처방에 묶이면 의사들이 약사들을 종속의 시녀로 만들려는 의도가 깔려 있는것 같다 . 별로 의사들의 이익에 상관도 없는데 약사들 반대에 반대를 하는 것은 의사들의 명분없는 야비한 행태 아닌가 ?
6.175303e-05,0.00018223331,5.2190557e-05,6.7684996e-05,7.084438e-05,0.9995653,히카게 탄생비화 
0.001242088,0.99212945,0.0002988204,0.0006164361,0.0047579426,0.0009552887,@user 오옷 ! 파이팅이야 !
0.9954365,0.0005424927,0.0013259606,0.0010526008,0.0015114335,0.000130975,@user 아이고 리리 이놈아ㅠㅠㅠ아직 리리 못 얻으셨구나 또르르르 ... 이만하면 나올 때도 됐는데 리리 너 왜 퐁퐁님 덱에 안 가니ㅠㅠㅠ어여 나오지 못할꼬 퐁퐁님이 금빛액자를 만들겠다는데 ! ! ! 
0.005189753,0.15571861,0.00083231844,0.0063967756,0.17023303,0.66162956,@user 좋아여 ㅇㅁㅇ ! 후후 일케 다음 데이트 약속을 잡은건가 
0.0028633785,0.0043546245,0.39350352,0.043185566,0.5160087,0.040084254,아나진짜부산아이파크 ... 흡 ... 흐흡 ...
0.00017598049,0.00014806131,0.00014479557,0.00027658386,0.0031072272,0.9961474,잠깐 들렸다ㅋ
0.001089726,0.00031755763,0.00079433864,0.007582228,0.98920804,0.0010081144,@user 가기싫어서 ... 뒹굴뒹굴하다 만화책보구 기절해 자고싶다 ㅠㅠ 화장하구 옷고르기 너무 귀챠네
0.9549927,0.0005344705,0.00048406847,0.037808478,0.0051760334,0.001004167,""" 화병 만들기 대가의 허점 "" ㅋㅋㅋ  ; ; "" 허점을 보인 대가로 화병이 낫다 . "" #비표준사이시옷"
0.00027705036,0.00016989018,4.5273533e-05,9.059021e-05,0.0005441204,0.99887305,긋모닝 EVERYBODEHHH I'M SO CURIOUS YEEEAAAHHH
3.855373e-05,6.662255e-05,4.4488588e-05,3.6111545e-05,5.3464973e-05,0.9997608,슈팅그 스타아 -
0.003673477,0.11309448,0.002184467,0.0034063135,0.7086596,0.16898161,@user 난 넘 잼나게 봐서 ㅋㅋㅋ 다른 사람들도잼나다 했었고
0.00067574304,0.00047366982,0.0003555976,0.0009111463,0.9881406,0.009443356,플랜 흑역사 봐야지 .. 
0.00060500845,0.9971865,0.0004153658,0.0003463095,0.0010177924,0.00042916907,ㅠㅠㅠ 햇님아 잘해줄게 나한테 와 
0.99928325,0.00011537097,5.940805e-05,8.974986e-05,0.00019288377,0.00025941269,"혹시 한시간 일하고 오천원 받으면 140 원 거슬러줘야하는 나라 . 대한민국 "" @user : 많은 생각을 하게 만드는 말씀입니다 RT @user : 최저임금 5000원 도 안되는 나라에서 무슨 동계올림픽이냐 ? 주제에 맞게 반납해라 """
